Country,Revenue computation of max in year 2018,Revenue computation of max in year 2019,Revenue computation of max in year 2028,"Revenue computation of mean, 2018","Revenue computation of mean, 2019","Revenue computation of mean, 2028","Revenue computation of min, 2018","Revenue computation of min, 2019","Revenue computation of min, 2028","Revenue computation of sum, 2018","Revenue computation of sum, 2019","Revenue computation of sum, 2028",Revenue_max_Apr,Revenue_max_Aug,Revenue_max_Dec,Revenue_max_Feb,Revenue_max_Jan,Revenue_max_Jul,Revenue_max_Jun,Revenue_max_Mar,Revenue_max_May,Revenue_max_Nov,Revenue_max_Oct,Revenue_max_Sep,Revenue_mean_Apr,Revenue_mean_Aug,Revenue_mean_Dec,Revenue_mean_Feb,Revenue_mean_Jan,Revenue_mean_Jul,Revenue_mean_Jun,Revenue_mean_Mar,Revenue_mean_May,Revenue_mean_Nov,Revenue_mean_Oct,Revenue_mean_Sep,Revenue_min_Apr,Revenue_min_Aug,Revenue_min_Dec,Revenue_min_Feb,Revenue_min_Jan,Revenue_min_Jul,Revenue_min_Jun,Revenue_min_Mar,Revenue_min_May,Revenue_min_Nov,Revenue_min_Oct,Revenue_min_Sep,Revenue_sum_Apr,Revenue_sum_Aug,Revenue_sum_Dec,Revenue_sum_Feb,Revenue_sum_Jan,Revenue_sum_Jul,Revenue_sum_Jun,Revenue_sum_Mar,Revenue_sum_May,Revenue_sum_Nov,Revenue_sum_Oct,Revenue_sum_Sep,Revenue computation of max in year 1,Revenue computation of max in year 2,Revenue computation of max in year 3,Revenue computation of max in year 4,Revenue computation of max in year 5,Revenue computation of max in year 6,Revenue computation of max in year 7,Revenue computation of max in year 8,Revenue computation of max in year 9,Revenue computation of max in year 10,Revenue computation of max in year 11,Revenue computation of max in year 12,Revenue computation of max in year 13,Revenue computation of max in year 14,Revenue computation of max in year 15,Revenue computation of max in year 16,Revenue computation of max in year 17,Revenue computation of max in year 18,Revenue computation of max in year 19,Revenue computation of max in year 20,Revenue computation of max in year 21,Revenue computation of max in year 22,Revenue computation of max in year 23,Revenue computation of max in year 24,Revenue computation of max in year 25,Revenue computation of max in year 26,Revenue computation of max in year 27,Revenue computation of max in year 28,Revenue computation of max in year 29,Revenue computation of max in year 30,Revenue computation of max in year 31,"Revenue computation of mean, 1","Revenue computation of mean, 2","Revenue computation of mean, 3","Revenue computation of mean, 4","Revenue computation of mean, 5","Revenue computation of mean, 6","Revenue computation of mean, 7","Revenue computation of mean, 8","Revenue computation of mean, 9","Revenue computation of mean, 10","Revenue computation of mean, 11","Revenue computation of mean, 12","Revenue computation of mean, 13","Revenue computation of mean, 14","Revenue computation of mean, 15","Revenue computation of mean, 16","Revenue computation of mean, 17","Revenue computation of mean, 18","Revenue computation of mean, 19","Revenue computation of mean, 20","Revenue computation of mean, 21","Revenue computation of mean, 22","Revenue computation of mean, 23","Revenue computation of mean, 24","Revenue computation of mean, 25","Revenue computation of mean, 26","Revenue computation of mean, 27","Revenue computation of mean, 28","Revenue computation of mean, 29","Revenue computation of mean, 30","Revenue computation of mean, 31","Revenue computation of min, 1","Revenue computation of min, 2","Revenue computation of min, 3","Revenue computation of min, 4","Revenue computation of min, 5","Revenue computation of min, 6","Revenue computation of min, 7","Revenue computation of min, 8","Revenue computation of min, 9","Revenue computation of min, 10","Revenue computation of min, 11","Revenue computation of min, 12","Revenue computation of min, 13","Revenue computation of min, 14","Revenue computation of min, 15","Revenue computation of min, 16","Revenue computation of min, 17","Revenue computation of min, 18","Revenue computation of min, 19","Revenue computation of min, 20","Revenue computation of min, 21","Revenue computation of min, 22","Revenue computation of min, 23","Revenue computation of min, 24","Revenue computation of min, 25","Revenue computation of min, 26","Revenue computation of min, 27","Revenue computation of min, 28","Revenue computation of min, 29","Revenue computation of min, 30","Revenue computation of min, 31","Revenue computation of sum, 1","Revenue computation of sum, 2","Revenue computation of sum, 3","Revenue computation of sum, 4","Revenue computation of sum, 5","Revenue computation of sum, 6","Revenue computation of sum, 7","Revenue computation of sum, 8","Revenue computation of sum, 9","Revenue computation of sum, 10","Revenue computation of sum, 11","Revenue computation of sum, 12","Revenue computation of sum, 13","Revenue computation of sum, 14","Revenue computation of sum, 15","Revenue computation of sum, 16","Revenue computation of sum, 17","Revenue computation of sum, 18","Revenue computation of sum, 19","Revenue computation of sum, 20","Revenue computation of sum, 21","Revenue computation of sum, 22","Revenue computation of sum, 23","Revenue computation of sum, 24","Revenue computation of sum, 25","Revenue computation of sum, 26","Revenue computation of sum, 27","Revenue computation of sum, 28","Revenue computation of sum, 29","Revenue computation of sum, 30","Revenue computation of sum, 31",Revenue_max_Fri,Revenue_max_Mon,Revenue_max_Sat,Revenue_max_Sun,Revenue_max_Tue,Revenue_max_Wed,Revenue_mean_Fri,Revenue_mean_Mon,Revenue_mean_Sat,Revenue_mean_Sun,Revenue_mean_Tue,Revenue_mean_Wed,Revenue_min_Fri,Revenue_min_Mon,Revenue_min_Sat,Revenue_min_Sun,Revenue_min_Tue,Revenue_min_Wed,Revenue_sum_Fri,Revenue_sum_Mon,Revenue_sum_Sat,Revenue_sum_Sun,Revenue_sum_Tue,Revenue_sum_Wed
Australia,5221.44,7142.4,0.0,445.39016488046167,628.1139999999999,0.0,-1761.0,-1087.71,0.0,540258.27,28265.129999999997,0.0,2903.04,4125.6,3990.6,612.0,7142.4,2332.8,1449.0,4226.4,4449.599999999999,3369.6,5221.44,1658.8799999999999,524.7765254237288,626.8303067484662,461.24784431137726,120.93785714285715,731.7429729729729,512.6195876288659,123.67799999999998,383.2253333333333,685.5040384615385,293.7670588235294,742.2353488372094,109.68066666666667,-220.32,-74.16,-164.16,-47.879999999999995,-1087.71,-1761.0,-54.72,41.04,-446.34,19.44,-158.76,-97.2,61923.63,102173.34,77028.39,5079.39,27074.489999999998,49724.1,4328.73,34490.28,71292.42,14982.119999999999,95748.36,24678.15,1733.76,158.4,111.24,574.56,295.92,0.0,492.47999999999996,0.0,0.0,205.2,1267.92,211.14000000000001,3369.6,2585.52,4449.599999999999,2499.84,3990.6,246.24,295.92,4226.4,246.24,0.0,0.0,1736.6399999999999,287.28000000000003,0.0,7142.4,612.0,2903.04,5221.44,196.56,794.16,76.1076923076923,90.945,115.1470588235294,101.67613636363636,0.0,156.62625,0.0,0.0,22.258125,176.873,96.256,1366.152,441.63000000000005,789.4631460674158,339.3525,765.8753333333333,87.94125,134.31,483.9203076923077,75.97227272727272,0.0,0.0,288.96526315789475,97.28,0.0,719.3833734939759,94.24695652173912,758.4059154929578,396.5410256410256,94.22842105263157,0.0,35.4,73.44,42.48,38.88,0.0,-158.76,0.0,0.0,-1761.0,41.04,-41.04,108.0,-723.5999999999999,-446.34,-1087.71,61.56,20.88,73.44,54.72,-220.32,0.0,0.0,41.04,-47.879999999999995,0.0,41.4,19.44,68.34,-97.2,41.04,3176.64,989.4,363.78,1957.5,4473.75,0.0,3759.0299999999997,0.0,0.0,712.26,10612.38,1443.84,13661.52,1766.5200000000002,70262.22,1357.41,68928.78,2814.12,1074.48,31454.82,1671.3899999999999,0.0,0.0,16471.02,5544.96,0.0,119417.64,4335.36,107693.64,92790.59999999999,1790.34,868.3199999999999,4125.6,574.56,7142.4,5221.44,2499.84,139.13826923076923,577.2689440993789,93.83224137931033,404.9368277945619,557.5787817258882,160.8436633663366,41.04,-723.5999999999999,-220.32,-158.76,-1761.0,-1087.71,7235.19,185880.6,5442.2699999999995,134034.09,219686.03999999998,16245.21
Austria,1490.4,662.4000000000001,0.0,104.19740740740741,108.4009090909091,0.0,-88.05,20.88,0.0,33759.96,8346.87,0.0,165.60000000000002,662.4000000000001,496.8,662.4000000000001,496.8,328.32,1490.4,0.0,246.24,0.0,331.20000000000005,331.20000000000005,102.42857142857143,93.46021276595745,80.18777777777778,243.5025,78.79757142857143,109.65843749999999,456.63428571428574,0.0,172.08,0.0,70.39328244274809,167.45000000000002,31.319999999999997,-88.05,20.88,-83.52,20.88,41.76,42.48,0.0,112.32,0.0,12.24,62.16,2151.0,4392.63,4330.14,3896.04,5515.83,3509.0699999999997,6392.88,0.0,688.32,0.0,9221.52,2009.4,0.0,0.0,0.0,1490.4,0.0,0.0,0.0,328.32,124.56,0.0,0.0,0.0,0.0,0.0,246.24,165.60000000000002,0.0,165.60000000000002,662.4000000000001,140.39999999999998,0.0,0.0,331.20000000000005,0.0,140.39999999999998,496.8,0.0,496.8,0.0,496.8,331.20000000000005,0.0,0.0,0.0,184.5050847457627,0.0,0.0,0.0,108.52153846153846,68.2060465116279,0.0,0.0,0.0,0.0,0.0,122.32000000000001,91.08,0.0,114.585,404.43428571428575,70.19379310344827,0.0,0.0,167.45000000000002,0.0,65.80702702702703,80.47666666666666,0.0,143.565,0.0,80.18777777777778,73.914,0.0,0.0,0.0,28.32,0.0,0.0,0.0,41.76,41.04,0.0,0.0,0.0,0.0,0.0,35.4,31.319999999999997,0.0,67.77,38.88,12.24,0.0,0.0,62.16,0.0,20.88,-88.05,0.0,42.48,0.0,20.88,20.88,0.0,0.0,0.0,10885.8,0.0,0.0,0.0,2821.56,2932.86,0.0,0.0,0.0,0.0,0.0,2201.76,637.56,0.0,687.51,2831.0400000000004,4071.24,0.0,0.0,2009.4,0.0,2434.86,2897.16,0.0,1148.52,0.0,4330.14,2217.42,140.39999999999998,1490.4,662.4000000000001,496.8,662.4000000000001,496.8,65.80702702702703,315.7690909090909,85.62595588235294,97.90972222222223,119.48555555555556,92.12386363636364,20.88,-83.52,12.24,-88.05,38.88,20.88,2434.86,6946.92,11645.13,10574.25,6452.22,4053.45
Bahrain,852.12,0.0,0.0,119.72526315789473,0.0,0.0,-852.12,0.0,0.0,2274.7799999999997,0.0,0.0,0.0,0.0,0.0,0.0,0.0,498.24,0.0,852.12,0.0,0.0,0.0,0.0,0.0,0.0,0.0,0.0,0.0,133.8105882352941,0.0,0.0,0.0,0.0,0.0,0.0,0.0,0.0,0.0,0.0,0.0,48.239999999999995,0.0,-852.12,0.0,0.0,0.0,0.0,0.0,0.0,0.0,0.0,0.0,2274.7799999999997,0.0,0.0,0.0,0.0,0.0,0.0,0.0,0.0,852.12,0.0,0.0,0.0,0.0,0.0,0.0,0.0,0.0,0.0,0.0,0.0,0.0,0.0,0.0,0.0,-852.12,0.0,498.24,0.0,0.0,0.0,0.0,0.0,0.0,0.0,0.0,0.0,164.88,0.0,0.0,852.12,0.0,0.0,0.0,0.0,0.0,0.0,0.0,0.0,0.0,0.0,0.0,0.0,0.0,0.0,0.0,-852.12,0.0,146.59846153846155,0.0,0.0,0.0,0.0,0.0,0.0,0.0,0.0,0.0,92.25,0.0,0.0,852.12,0.0,0.0,0.0,0.0,0.0,0.0,0.0,0.0,0.0,0.0,0.0,0.0,0.0,0.0,0.0,-852.12,0.0,73.44,0.0,0.0,0.0,0.0,0.0,0.0,0.0,0.0,0.0,48.239999999999995,0.0,0.0,852.12,0.0,0.0,0.0,0.0,0.0,0.0,0.0,0.0,0.0,0.0,0.0,0.0,0.0,0.0,0.0,-852.12,0.0,1905.78,0.0,0.0,0.0,0.0,0.0,0.0,0.0,0.0,0.0,369.0,0.0,-852.12,852.12,0.0,164.88,0.0,0.0,-852.12,196.99285714285716,0.0,92.25,0.0,0.0,-852.12,73.44,0.0,48.239999999999995,0.0,0.0,-852.12,2757.9,0.0,369.0,0.0
Belgium,683.1,655.1999999999999,0.0,80.24866875,88.00426439232409,0.0,-78.92999999999999,-82.62,0.0,128397.87,41274.0,0.0,247.68,380.16,506.88,495.36,655.1999999999999,186.29999999999998,310.5,248.39999999999998,433.44,683.1,434.7,372.59999999999997,83.50358490566038,77.48899159663866,90.31325842696629,71.2525945945946,98.53039877300614,72.26499999999999,74.14430769230769,68.61443181818181,77.6356050955414,97.13184210526316,75.26754545454546,78.86089285714286,-46.62,-12.059999999999999,19.44,-70.38,-82.62,20.88,-61.56,-78.92999999999999,-61.56,-42.48,-48.6,-8.100000000000001,4425.69,18442.38,24113.64,13181.73,32120.91,8238.21,14458.14,6038.07,12188.789999999999,11073.03,16558.86,8832.42,310.5,311.4,315.71999999999997,300.0,310.5,247.68,248.39999999999998,434.7,367.2,495.36,124.19999999999999,433.44,248.39999999999998,506.88,247.68,528.0,372.59999999999997,137.52,437.76,246.23999999999998,683.1,186.29999999999998,186.29999999999998,205.2,506.88,298.08,82.44,223.56,521.64,655.1999999999999,186.29999999999998,72.90315789473684,73.704,75.87857142857143,80.25576923076923,70.155,79.97,98.84181818181817,76.82188524590164,78.58636363636364,88.72919999999999,60.10124999999999,86.32461538461538,63.262258064516125,105.48521739130435,89.41894736842106,89.52927272727273,79.48631578947368,69.06878048780487,78.26571428571428,58.99333333333333,100.9572,76.35220588235293,75.45299999999999,67.53375,109.93661538461538,87.68086956521738,53.558181818181815,86.47599999999998,84.58655844155844,187.26827586206895,72.77386363636363,27.839999999999996,-61.56,32.4,20.88,-82.08,28.32,55.98,-12.24,-70.38,-6.84,20.88,19.44,-20.52,-42.48,42.48,19.44,12.24,-8.100000000000001,-62.099999999999994,-78.92999999999999,20.88,-82.62,12.24,-24.839999999999996,27.839999999999996,28.32,20.88,10.379999999999999,12.24,42.48,-48.6,8310.96,2579.64,6373.8,10433.25,6594.57,3118.83,3261.7799999999997,9372.27,3457.8,6654.69,1923.2399999999998,3366.66,3922.2599999999998,7278.48,1698.96,9848.22,13592.16,2831.8199999999997,6574.32,3185.64,5047.86,5191.95,3772.6499999999996,3241.62,7145.879999999999,6049.98,589.14,2594.2799999999997,13026.33,5430.78,3202.0499999999997,372.59999999999997,434.7,437.76,495.36,521.64,683.1,71.38228187919462,80.23148044692738,81.23504854368932,78.86756024096385,82.25017341040461,88.52821782178218,18.0,-46.62,-82.08,-24.839999999999996,-82.62,-61.56,10635.96,28722.87,16734.42,26184.03,42687.84,44706.75
Brazil,725.76,0.0,0.0,148.119375,0.0,0.0,62.28,0.0,0.0,4739.82,0.0,0.0,0.0,0.0,0.0,0.0,0.0,0.0,725.76,0.0,0.0,0.0,0.0,0.0,0.0,0.0,0.0,0.0,0.0,0.0,148.119375,0.0,0.0,0.0,0.0,0.0,0.0,0.0,0.0,0.0,0.0,0.0,62.28,0.0,0.0,0.0,0.0,0.0,0.0,0.0,0.0,0.0,0.0,0.0,4739.82,0.0,0.0,0.0,0.0,0.0,0.0,0.0,0.0,0.0,0.0,0.0,0.0,0.0,0.0,0.0,0.0,0.0,0.0,0.0,0.0,0.0,0.0,0.0,0.0,0.0,0.0,0.0,0.0,0.0,0.0,0.0,725.76,0.0,0.0,0.0,0.0,0.0,0.0,0.0,0.0,0.0,0.0,0.0,0.0,0.0,0.0,0.0,0.0,0.0,0.0,0.0,0.0,0.0,0.0,0.0,0.0,0.0,0.0,0.0,0.0,0.0,0.0,148.119375,0.0,0.0,0.0,0.0,0.0,0.0,0.0,0.0,0.0,0.0,0.0,0.0,0.0,0.0,0.0,0.0,0.0,0.0,0.0,0.0,0.0,0.0,0.0,0.0,0.0,0.0,0.0,0.0,0.0,0.0,62.28,0.0,0.0,0.0,0.0,0.0,0.0,0.0,0.0,0.0,0.0,0.0,0.0,0.0,0.0,0.0,0.0,0.0,0.0,0.0,0.0,0.0,0.0,0.0,0.0,0.0,0.0,0.0,0.0,0.0,0.0,4739.82,0.0,0.0,0.0,0.0,0.0,0.0,0.0,0.0,0.0,725.76,0.0,0.0,0.0,0.0,0.0,148.119375,0.0,0.0,0.0,0.0,0.0,62.28,0.0,0.0,0.0,0.0,0.0,4739.82
Canada,2280.8999999999996,0.0,0.0,100.74556291390728,0.0,0.0,10.500000000000002,0.0,0.0,15212.58,0.0,0.0,0.0,0.0,0.0,0.0,0.0,2222.64,0.0,0.0,97.2,62.28,0.0,2280.8999999999996,0.0,0.0,0.0,0.0,0.0,2222.64,0.0,0.0,58.343999999999994,42.839999999999996,0.0,90.31333333333333,0.0,0.0,0.0,0.0,0.0,2222.64,0.0,0.0,41.04,27.599999999999998,0.0,10.500000000000002,0.0,0.0,0.0,0.0,0.0,2222.64,0.0,0.0,583.4399999999999,214.2,0.0,12192.3,341.99999999999994,0.0,0.0,0.0,0.0,62.28,0.0,0.0,0.0,0.0,0.0,0.0,0.0,0.0,0.0,2222.64,0.0,0.0,0.0,0.0,0.0,164.16,0.0,0.0,0.0,2280.8999999999996,0.0,0.0,0.0,0.0,0.0,85.21789473684211,0.0,0.0,0.0,0.0,42.839999999999996,0.0,0.0,0.0,0.0,0.0,0.0,0.0,0.0,0.0,2222.64,0.0,0.0,0.0,0.0,0.0,65.63610389610389,0.0,0.0,0.0,260.39454545454544,0.0,0.0,0.0,0.0,0.0,10.500000000000002,0.0,0.0,0.0,0.0,27.599999999999998,0.0,0.0,0.0,0.0,0.0,0.0,0.0,0.0,0.0,2222.64,0.0,0.0,0.0,0.0,0.0,19.44,0.0,0.0,0.0,41.04,0.0,0.0,0.0,0.0,0.0,4857.42,0.0,0.0,0.0,0.0,214.2,0.0,0.0,0.0,0.0,0.0,0.0,0.0,0.0,0.0,2222.64,0.0,0.0,0.0,0.0,0.0,5053.98,0.0,0.0,0.0,2864.3399999999997,0.0,0.0,0.0,0.0,0.0,0.0,2222.64,341.99999999999994,0.0,62.28,2280.8999999999996,0.0,2222.64,72.88083333333333,0.0,42.839999999999996,2280.8999999999996,0.0,2222.64,10.500000000000002,0.0,27.599999999999998,2280.8999999999996,0.0,2222.64,10494.84,0.0,214.2,2280.8999999999996
Channel Islands,1690.56,410.4,0.0,112.80510355029585,86.49814814814815,0.0,-1213.02,-68.94,0.0,76256.25,7006.349999999999,0.0,1690.56,1088.6399999999999,881.28,410.4,207.0,1213.02,207.0,0.0,313.2,1488.0,544.3199999999999,0.0,239.84,102.37987951807227,97.40089285714286,89.2116,86.06219178082192,108.20657142857142,134.98,0.0,79.97835164835165,135.93738095238095,223.52785714285713,0.0,-70.38,-32.730000000000004,-8.7,-68.94,42.48,-1213.02,60.3,0.0,20.88,20.88,-17.61,0.0,10073.28,8497.529999999999,16363.35,2230.29,6282.54,3787.23,1214.82,0.0,14556.06,17128.11,3129.39,0.0,339.84,1488.0,0.0,633.6,0.0,-10.56,0.0,102.6,0.0,211.20000000000002,-12.24,0.0,544.3199999999999,313.2,0.0,410.4,293.76,186.84,-17.61,207.0,293.76,210.6,0.0,0.0,207.0,881.28,0.0,0.0,1690.56,-17.61,316.8,91.770625,1488.0,0.0,91.60745901639343,0.0,-21.645000000000003,0.0,63.9035294117647,0.0,90.01741935483871,-40.589999999999996,0.0,242.07692307692307,80.76292682926828,0.0,164.51999999999998,90.20074074074074,84.4528125,-17.61,88.6164705882353,80.73629629629629,73.85225806451614,0.0,0.0,134.98,170.21142857142857,0.0,0.0,164.8894117647059,-17.61,114.76454545454546,41.4,1488.0,0.0,20.88,0.0,-32.730000000000004,0.0,19.44,0.0,-8.7,-68.94,0.0,104.39999999999999,-70.38,0.0,73.44,42.48,42.48,-17.61,61.56,42.48,20.88,0.0,0.0,60.3,52.92,0.0,0.0,-1213.02,-17.61,43.5,4404.99,5952.0,0.0,11176.109999999999,0.0,-43.290000000000006,0.0,1086.36,0.0,2790.54,-81.17999999999999,0.0,3147.0,3311.2799999999997,0.0,822.5999999999999,7306.26,5404.98,-17.61,1506.48,6539.639999999999,4578.84,0.0,0.0,1214.82,3574.44,0.0,0.0,16818.72,-17.61,3787.23,1488.0,313.2,544.3199999999999,1690.56,316.8,1088.6399999999999,167.01441176470587,85.41920930232558,109.81941176470588,138.63022388059701,88.32764705882353,118.77705882352942,42.48,-68.94,-70.38,-1213.02,-17.61,32.4,11356.98,18365.13,9334.65,18576.45,13514.13,12115.26
Cyprus,1327.68,122.4,0.0,101.05181286549708,14.907525773195877,0.0,-1327.68,-175.95,0.0,51839.58,1446.03,0.0,1200.6,422.40000000000003,1200.6,675.84,122.4,0.0,-24.48,517.5,1327.68,0.0,0.0,0.0,114.68142857142857,97.84468085106383,111.31666666666666,72.1643023255814,19.61225806451613,0.0,-74.16,148.89600000000002,73.41375,0.0,0.0,0.0,17.61,42.48,-813.7800000000001,-175.95,3.4499999999999997,0.0,-123.84,34.8,-1327.68,0.0,0.0,0.0,15252.63,4598.7,18033.3,6206.13,1823.94,0.0,-148.32,2233.44,5285.79,0.0,0.0,0.0,813.7800000000001,0.0,0.0,0.0,1327.68,0.0,0.0,0.0,0.0,0.0,0.0,0.0,-20.52,0.0,422.40000000000003,813.7800000000001,0.0,0.0,164.88,0.0,1200.6,310.79999999999995,0.0,0.0,1200.6,517.5,0.0,0.0,0.0,656.64,367.2,437.94000000000005,0.0,0.0,0.0,57.86217391304348,0.0,0.0,0.0,0.0,0.0,0.0,0.0,-94.47749999999999,0.0,97.84468085106383,0.0,0.0,0.0,85.88068965517242,0.0,89.81902173913043,81.10125,0.0,0.0,97.30419354838709,148.89600000000002,0.0,0.0,0.0,65.77029850746268,109.50428571428571,62.099999999999994,0.0,0.0,0.0,-1327.68,0.0,0.0,0.0,0.0,0.0,0.0,0.0,-175.95,0.0,42.48,-813.7800000000001,0.0,0.0,41.76,0.0,17.61,32.4,0.0,0.0,-123.84,34.8,0.0,0.0,0.0,3.4499999999999997,42.48,875.8800000000001,0.0,0.0,0.0,1330.83,0.0,0.0,0.0,0.0,0.0,0.0,0.0,-377.90999999999997,0.0,4598.7,0.0,0.0,0.0,2490.54,0.0,8263.35,3892.8599999999997,0.0,0.0,18098.579999999998,2233.44,0.0,0.0,0.0,8813.22,3066.12,0.0,656.64,1327.68,813.7800000000001,1200.6,422.40000000000003,0.0,141.16883720930232,89.72379310344827,78.38142857142857,103.42927152317881,49.33682080924856,0.0,-123.84,-1327.68,-813.7800000000001,32.4,-175.95,0.0,12140.52,10407.96,6584.04,15617.82,8535.27
Czech Republic,293.76,-16.56,0.0,118.3788888888889,-85.11,0.0,-148.32,-148.32,0.0,3196.23,-255.32999999999998,0.0,0.0,0.0,253.44,0.0,-16.56,0.0,-90.44999999999999,0.0,293.76,0.0,0.0,0.0,0.0,0.0,115.48799999999999,0.0,-85.11,0.0,-119.38499999999999,0.0,152.00799999999998,0.0,0.0,0.0,0.0,0.0,41.76,0.0,-148.32,0.0,-148.32,0.0,62.28,0.0,0.0,0.0,0.0,0.0,1154.8799999999999,0.0,-255.32999999999998,0.0,-238.76999999999998,0.0,2280.12,0.0,0.0,0.0,0.0,0.0,0.0,0.0,0.0,0.0,0.0,0.0,0.0,0.0,0.0,293.76,-90.44999999999999,0.0,0.0,0.0,0.0,0.0,253.44,0.0,0.0,0.0,0.0,0.0,0.0,0.0,0.0,0.0,0.0,-16.56,0.0,0.0,0.0,0.0,0.0,0.0,0.0,0.0,0.0,0.0,0.0,0.0,152.00799999999998,-119.38499999999999,0.0,0.0,0.0,0.0,0.0,115.48799999999999,0.0,0.0,0.0,0.0,0.0,0.0,0.0,0.0,0.0,0.0,-85.11,0.0,0.0,0.0,0.0,0.0,0.0,0.0,0.0,0.0,0.0,0.0,0.0,62.28,-148.32,0.0,0.0,0.0,0.0,0.0,41.76,0.0,0.0,0.0,0.0,0.0,0.0,0.0,0.0,0.0,0.0,-148.32,0.0,0.0,0.0,0.0,0.0,0.0,0.0,0.0,0.0,0.0,0.0,0.0,2280.12,-238.76999999999998,0.0,0.0,0.0,0.0,0.0,1154.8799999999999,0.0,0.0,0.0,0.0,0.0,0.0,0.0,0.0,0.0,0.0,-255.32999999999998,0.0,0.0,0.0,293.76,0.0,0.0,253.44,0.0,0.0,152.00799999999998,0.0,0.0,44.052,0.0,0.0,62.28,0.0,0.0,-148.32,0.0,0.0,2280.12,0.0,0.0,660.78
Denmark,1775.5200000000002,687.6,0.0,222.22027681660902,135.9768,0.0,-247.68,-74.52,0.0,64221.66,13597.68,0.0,197.64000000000001,602.9999999999999,1520.64,760.32,687.6,293.76,0.0,0.0,1775.5200000000002,0.0,206.28000000000003,670.68,82.782,137.24816326530612,336.46086956521737,168.4355172413793,147.40451612903226,112.55999999999999,0.0,0.0,867.802105263158,0.0,52.42333333333333,119.30315789473684,41.76,29.52,-43.5,19.44,-74.52,43.5,0.0,0.0,162.0,0.0,-247.68,20.88,1655.6399999999999,6725.16,23215.8,9769.26,9139.08,2138.64,0.0,0.0,16488.24,0.0,1887.24,6800.28,670.68,687.6,1520.64,208.79999999999998,0.0,206.28000000000003,0.0,207.35999999999999,0.0,0.0,414.71999999999997,0.0,0.0,0.0,0.0,97.2,0.0,0.0,1105.92,760.32,602.9999999999999,144.71999999999997,293.76,0.0,0.0,0.0,0.0,0.0,1775.5200000000002,197.64000000000001,0.0,160.85379310344828,282.84,938.9294117647058,76.26857142857143,0.0,91.80705882352942,0.0,87.225,0.0,0.0,133.674,0.0,0.0,0.0,0.0,63.709090909090904,0.0,0.0,616.82,265.533,118.61307692307693,55.2375,91.95870967741935,0.0,0.0,0.0,0.0,0.0,297.3315,82.782,0.0,30.96,-74.52,437.76,20.88,0.0,20.88,0.0,38.88,0.0,0.0,19.44,0.0,0.0,0.0,0.0,41.04,0.0,0.0,165.6,54.72,-247.68,43.5,43.5,0.0,0.0,0.0,0.0,0.0,-43.5,41.76,0.0,4664.76,1697.04,15961.8,2135.52,0.0,1560.72,0.0,1395.6,0.0,0.0,5346.96,0.0,0.0,0.0,0.0,700.8,0.0,0.0,3700.92,5310.66,6167.88,883.8,2850.72,0.0,0.0,0.0,0.0,0.0,23786.52,1655.6399999999999,0.0,0.0,1520.64,670.68,82.08,1775.5200000000002,1105.92,0.0,246.44121212121212,104.84769230769231,10.319999999999997,214.54475675675675,449.83,0.0,19.44,-43.5,-247.68,20.88,-74.52,0.0,24397.68,8178.12,154.79999999999995,39690.78,5397.96
EIRE,9797.76,2534.4,0.0,139.70770547417115,108.87222483814008,0.0,-7936.38,-401.76,0.0,906004.47,184973.91,0.0,1477.44,1843.2,5716.8,1689.6,2534.4,2534.4,1105.92,7257.599999999999,6984.900000000001,2242.08,9797.76,7936.38,125.86987096774193,140.9738283062645,107.90711800302572,96.97166189111748,121.61045314109165,129.88035447761195,91.22235981308411,470.27688311688314,135.24176817288802,163.91702623906707,158.7803282532239,142.73202046035806,-70.19999999999999,-51.75,-413.64,-422.28000000000003,-401.76,-103.67999999999999,-70.19999999999999,-293.76,-6984.900000000001,-602.9999999999999,-4641.6900000000005,-7936.38,58529.49,60759.72,142653.21,101529.33,118083.75,69615.87,39043.17,72422.64,68838.06,112447.08,135439.62,111616.44,7936.38,887.7600000000001,1689.6,293.76,2244.7200000000003,491.4,1200.0,725.76,2112.0,1105.92,691.1999999999999,9797.76,5068.8,993.6,380.16,2112.0,1677.6000000000001,2534.4,1157.76,859.5000000000001,691.1999999999999,5716.8,6984.900000000001,725.76,1267.2,300.0,1843.2,7257.599999999999,1500.0,3438.0000000000005,725.76,99.45126315789474,71.22508928571429,117.9161780104712,79.44092511013216,85.70744318181818,84.17953846153846,121.98669064748199,91.01445859872612,98.79257425742574,119.54272058823528,96.38743589743589,308.19458083832336,212.3196373056995,122.20660714285714,80.80109999999999,103.63748743718594,167.74434782608694,152.10280303030302,72.50985294117648,104.83000000000001,93.43653543307087,182.11453125,102.5293309859155,65.00814977973569,116.89768924302788,60.305577889447235,171.46866220735785,295.89748314606743,112.21676056338028,192.62077519379847,101.4454491017964,-7936.38,-619.92,-293.76,-41.22,-2244.7200000000003,-62.16,-24.660000000000004,-317.52,-5068.8,-65.88,-124.56,-89.03999999999999,-31.049999999999997,-51.75,-42.48,-2112.0,-602.9999999999999,19.44,-207.0,-41.04,-164.88,-4641.6900000000005,-6984.900000000001,-413.64,-24.48,-1798.8899999999999,-422.28000000000003,-80.82000000000001,-103.67999999999999,-73.44,10.379999999999999,28343.61,23931.63,22521.989999999998,18033.09,30169.02,5471.67,16956.149999999998,14289.27,29934.149999999998,32515.62,11277.33,102936.99,40977.69,13687.14,16160.22,20623.86,50155.56,60232.71,29584.02,33335.94,11866.44,46621.32,29118.329999999998,14756.85,29341.32,12000.81,51269.13,131674.38,71706.51,74544.24,16941.39,9797.76,2534.4,7936.38,5068.8,2242.08,7257.599999999999,205.0561153846154,119.61045081967212,117.04351529694061,138.10361488904795,126.24337748344371,141.80178966789668,-1798.8899999999999,-4641.6900000000005,-7936.38,-619.92,-2112.0,-6984.900000000001,106629.18000000001,175109.69999999998,195111.54,192930.75,190627.5,230569.71
European Community,248.39999999999998,0.0,0.0,87.81688524590164,0.0,0.0,-35.22,0.0,0.0,5356.83,0.0,0.0,0.0,186.29999999999998,0.0,0.0,0.0,149.04,0.0,0.0,0.0,0.0,248.39999999999998,0.0,0.0,83.62571428571428,0.0,0.0,0.0,72.10909090909091,0.0,0.0,0.0,0.0,96.80999999999999,0.0,0.0,-35.22,0.0,0.0,0.0,52.800000000000004,0.0,0.0,0.0,0.0,51.75,0.0,0.0,1756.1399999999999,0.0,0.0,0.0,793.2,0.0,0.0,0.0,0.0,2807.49,0.0,0.0,248.39999999999998,0.0,0.0,0.0,0.0,0.0,149.04,0.0,0.0,0.0,0.0,0.0,0.0,0.0,0.0,167.76,186.29999999999998,0.0,0.0,0.0,-35.22,0.0,0.0,0.0,0.0,0.0,0.0,0.0,0.0,0.0,0.0,96.80999999999999,0.0,0.0,0.0,0.0,0.0,72.10909090909091,0.0,0.0,0.0,0.0,0.0,0.0,0.0,0.0,84.47684210526316,186.29999999999998,0.0,0.0,0.0,-35.22,0.0,0.0,0.0,0.0,0.0,0.0,0.0,0.0,0.0,0.0,51.75,0.0,0.0,0.0,0.0,0.0,52.800000000000004,0.0,0.0,0.0,0.0,0.0,0.0,0.0,0.0,32.4,186.29999999999998,0.0,0.0,0.0,-35.22,0.0,0.0,0.0,0.0,0.0,0.0,0.0,0.0,0.0,0.0,2807.49,0.0,0.0,0.0,0.0,0.0,793.2,0.0,0.0,0.0,0.0,0.0,0.0,0.0,0.0,1605.06,186.29999999999998,0.0,0.0,0.0,-35.22,0.0,0.0,0.0,0.0,0.0,0.0,0.0,0.0,0.0,167.76,0.0,186.29999999999998,149.04,248.39999999999998,-35.22,84.47684210526316,0.0,186.29999999999998,72.10909090909091,96.80999999999999,-35.22,32.4,0.0,186.29999999999998,52.800000000000004,51.75,-35.22,1605.06,0.0,186.29999999999998,793.2,2807.49,-35.22
Finland,2281.98,1118.8799999999999,0.0,127.60762500000001,156.58355555555553,0.0,-165.60000000000002,-331.20000000000005,0.0,71460.27,21138.78,0.0,1010.8799999999999,0.0,1118.8799999999999,1118.8799999999999,1118.8799999999999,1118.8799999999999,1656.0,0.0,2281.98,618.84,496.8,1324.8000000000002,336.3381818181818,0.0,115.1175,197.0876470588235,136.2992857142857,664.92,131.89524590163933,0.0,104.14383495145631,110.04833333333335,97.70341463414633,143.6603125,84.96,0.0,-74.52,-8.64,-331.20000000000005,165.60000000000002,-165.60000000000002,0.0,20.88,-20.52,20.88,20.88,3699.72,0.0,10130.34,13401.96,11449.14,2659.68,8045.61,0.0,21453.63,3961.7400000000002,4005.8399999999997,13791.39,496.8,-17.61,1118.8799999999999,1118.8799999999999,0.0,0.0,622.8,496.8,0.0,259.2,1656.0,1118.8799999999999,2281.98,165.60000000000002,0.0,1118.8799999999999,498.24,-8.64,-3.24,0.0,0.0,0.0,496.8,825.1200000000001,1324.8000000000002,331.20000000000005,993.6,0.0,331.20000000000005,1118.8799999999999,0.0,169.518,-25.275,664.92,177.49833333333333,0.0,0.0,129.9886956521739,89.07849056603773,0.0,157.2,119.9,327.0299999999999,108.494039408867,86.85818181818182,0.0,195.2922222222222,304.704,-8.64,-85.98000000000002,0.0,0.0,0.0,90.22933333333333,105.04216216216216,124.41,112.92799999999998,184.51111111111112,0.0,89.96,301.0,0.0,62.28,-32.94,165.60000000000002,-20.52,0.0,0.0,41.22,41.519999999999996,0.0,86.39999999999999,12.24,42.48,20.88,35.4,0.0,-331.20000000000005,70.8,-8.64,-165.60000000000002,0.0,0.0,0.0,9.72,-74.52,28.32,38.88,42.48,0.0,-165.60000000000002,27.36,0.0,1695.18,-50.55,2659.68,6389.94,0.0,0.0,2989.74,4721.16,0.0,943.1999999999999,4676.1,4578.419999999999,22024.29,955.44,0.0,10545.779999999999,1523.52,-8.64,-257.94000000000005,0.0,0.0,0.0,4060.3199999999997,3886.56,11072.49,1693.9199999999998,4981.8,0.0,809.64,2709.0,0.0,622.8,1656.0,496.8,2281.98,1324.8000000000002,1118.8799999999999,229.37076923076924,124.5379746835443,85.090625,129.33412955465587,128.20827731092436,189.07542857142855,62.28,-74.52,-32.94,-20.52,-165.60000000000002,-331.20000000000005,2981.82,9838.5,4084.35,31945.53,30513.57,13235.279999999999
France,4704.299999999999,17226.81,492.47999999999996,95.27991524093548,97.4483214793741,98.50622950819672,-4704.299999999999,-34453.62,20.88,607028.34,205518.50999999998,6008.88,1969.92,1488.0,1969.92,892.8,17226.81,892.8,4704.299999999999,3473.2799999999997,447.12,2142.72,1774.08,984.96,104.41456066945607,109.32727910238428,81.82689655172415,84.69963081861958,107.74720552396425,92.68980198019801,113.52218415417559,97.84115151515152,83.02721549636803,98.29332129963899,88.47871508379887,98.13173195876288,-226.79999999999998,-136.79999999999998,-252.71999999999997,-528.0,-34453.62,-149.04,-4704.299999999999,-223.56,-84.96,-143.64,-140.39999999999998,-124.56,49910.159999999996,77950.34999999999,99665.16,105535.73999999999,132636.81,56170.02,53014.86,48431.37,34290.24,81681.75,31675.379999999997,47593.89,1056.0,372.6,535.68,621.0,412.2,892.8,725.76,17226.81,6785.28,410.04,372.6,2142.72,1607.04,1969.92,1774.08,711.36,4704.299999999999,497.28,316.8,447.12,842.4,844.8,892.8,892.8,3473.2799999999997,544.3199999999999,964.8,964.8,984.96,535.68,1969.92,102.95564705882353,71.75426086956521,83.42485933503836,90.30583333333333,72.84951923076923,82.14852517985612,95.19869565217391,66.40230215827337,233.79654822335024,97.1166393442623,77.94,173.1560641399417,88.38013513513513,153.5013157894737,92.67881305637982,73.37208877284596,94.26302752293579,93.80591623036649,75.72085051546391,71.21472103004291,95.98033783783784,68.49608695652174,82.80250409165303,113.89247191011236,105.17554585152838,68.72285714285715,120.50672064777328,109.63507389162561,107.76314371257484,85.32306818181819,143.0894,-52.800000000000004,-140.39999999999998,-181.44,-74.52,-360.0,-223.56,19.44,-34453.62,-528.0,-25.95,-164.88,-70.19999999999999,-164.88,-226.79999999999998,-140.76,-258.48,-4704.299999999999,-24.48,-84.96,-223.56,-70.38,-68.39999999999999,-158.4,-48.96,8.1,-252.71999999999997,-123.66,-105.66,-104.39999999999999,-311.4,20.88,26253.69,16503.48,32619.12,22757.07,22729.05,22837.29,13137.42,9229.919999999998,46057.92,11848.23,22914.36,59392.53,19620.39,23332.2,31232.76,28101.51,41098.68,17916.93,29379.69,33186.06,28410.18,18904.92,50592.33,20272.86,24085.2,21647.7,29765.16,22255.92,35992.89,15016.86,21463.41,1488.0,2142.72,1969.92,4704.299999999999,17226.81,6785.28,95.49050704225351,98.59571884984027,93.75348297213623,85.756827473426,89.41319474835886,109.40204347826088,-149.04,-164.88,-528.0,-4704.299999999999,-34453.62,-258.48,67798.26,185162.76,121129.5,104880.59999999999,163447.32,176137.29
Germany,3628.7999999999997,2903.04,372.96,97.32531832298136,94.64275504322767,145.5,-2481.93,-2274.27,62.16,752130.0599999999,164205.18,2473.5,1616.4,1035.0,3628.7999999999997,2903.04,2584.7999999999997,2165.2200000000003,1267.92,2177.2799999999997,1451.52,2177.2799999999997,596.16,1613.28,89.58752293577982,77.3827178153446,98.98137787056366,102.13911310008137,95.60592356687899,157.48840909090907,100.72367158671587,74.98077067669172,104.62957627118644,94.23644087256028,80.33341991341992,84.42516936671576,-317.52,-149.04,-2481.93,-544.3199999999999,-2274.27,-98.28,-922.1999999999999,-952.56,-140.76,-293.4,-281.52,-1613.28,58590.24,59507.31,142236.24,125528.97,90060.78,103942.34999999999,54592.229999999996,39889.77,49385.159999999996,82079.94,55671.06,57324.69,1270.08,2584.7999999999997,2177.2799999999997,522.0,1451.52,1192.32,725.76,1451.52,1451.52,535.68,725.76,1088.6399999999999,633.6,521.64,1613.28,474.39000000000004,3628.7999999999997,2903.04,760.32,372.96,1564.92,2274.27,1313.28,2165.2200000000003,1616.4,2481.93,2177.2799999999997,1451.52,1140.48,2540.16,622.0799999999999,107.76156250000001,100.58,78.72212446351932,67.59016042780748,104.09193103448276,103.00242857142857,90.774375,98.14412698412697,90.8137808219178,82.91358490566037,90.13970414201184,109.72325342465753,91.99813186813186,61.17908883826879,84.3942654028436,82.70863636363636,113.58480392156862,99.06451882845188,83.20949579831932,83.46987692307692,89.04818941504178,83.18483870967742,69.38122983870967,208.42188118811882,118.639375,119.52401486988848,121.45701492537313,123.24196601941748,93.22591011235954,94.51726415094339,83.5541592920354,-98.28,-544.3199999999999,-952.56,-123.12,-82.08,-140.76,-281.52,-498.96,-250.55999999999997,-248.04000000000002,-124.56,-98.64000000000001,-149.04,-272.15999999999997,-1613.28,-105.60000000000001,-164.16,-86.39999999999999,-102.6,-181.44,-293.4,-2274.27,-82.08,-104.39999999999999,-317.52,-2481.93,-47.879999999999995,-74.52,-105.60000000000001,-922.1999999999999,-123.30000000000001,41380.44,23233.98,36684.51,12639.359999999999,45279.99,28840.68,17428.68,18549.239999999998,33147.03,13183.26,15233.61,32039.19,16743.66,26857.62,17807.19,32752.62,34756.95,47352.84,29705.79,27127.71,31968.3,7736.1900000000005,34413.09,63151.83,39862.83,32151.96,8137.62,50775.69,41485.53,30056.489999999998,28324.86,596.16,3628.7999999999997,2177.2799999999997,1451.52,2274.27,2584.7999999999997,86.36434729064038,102.28297297297296,84.62416428978894,77.87073985680192,111.41836244541484,103.71727828746177,-52.800000000000004,-211.32,-1613.28,-281.52,-2274.27,-2481.93,70127.84999999999,143809.86,148346.16,97883.52,255148.05,203493.3
Greece,725.76,558.9,0.0,151.8670909090909,78.4,0.0,-207.0,20.88,0.0,16705.38,2822.4,0.0,725.76,0.0,0.0,558.9,0.0,0.0,414.0,0.0,183.6,0.0,0.0,414.0,344.5575,0.0,0.0,78.4,0.0,0.0,81.59225806451613,0.0,73.13181818181818,0.0,0.0,61.651199999999996,52.62,0.0,0.0,20.88,0.0,0.0,41.4,0.0,14.4,0.0,0.0,-207.0,11025.84,0.0,0.0,2822.4,0.0,0.0,2529.36,0.0,1608.8999999999999,0.0,0.0,1541.28,0.0,0.0,0.0,0.0,0.0,0.0,725.76,0.0,0.0,0.0,0.0,0.0,0.0,0.0,0.0,183.6,558.9,0.0,0.0,414.0,0.0,414.0,0.0,0.0,0.0,0.0,0.0,0.0,0.0,0.0,0.0,0.0,0.0,0.0,0.0,0.0,0.0,344.5575,0.0,0.0,0.0,0.0,0.0,0.0,0.0,0.0,73.13181818181818,78.4,0.0,0.0,81.59225806451613,0.0,61.651199999999996,0.0,0.0,0.0,0.0,0.0,0.0,0.0,0.0,0.0,0.0,0.0,0.0,0.0,0.0,0.0,52.62,0.0,0.0,0.0,0.0,0.0,0.0,0.0,0.0,14.4,20.88,0.0,0.0,41.4,0.0,-207.0,0.0,0.0,0.0,0.0,0.0,0.0,0.0,0.0,0.0,0.0,0.0,0.0,0.0,0.0,0.0,11025.84,0.0,0.0,0.0,0.0,0.0,0.0,0.0,0.0,1608.8999999999999,2822.4,0.0,0.0,2529.36,0.0,1541.28,0.0,0.0,0.0,0.0,0.0,0.0,0.0,0.0,0.0,0.0,0.0,725.76,558.9,0.0,414.0,0.0,0.0,220.47578947368422,78.4,0.0,78.08037735849057,0.0,0.0,-207.0,20.88,0.0,14.4,0.0,0.0,12567.12,2822.4,0.0,4138.26
Hong Kong,10987.380000000001,1350.06,0.0,144.73658181818183,143.41333333333333,0.0,-10987.380000000001,-1350.06,0.0,39802.560000000005,1290.72,0.0,1013.76,0.0,10987.380000000001,0.0,1350.06,280.79999999999995,687.6,0.0,10696.77,825.1200000000001,0.0,372.59999999999997,174.5332075471698,0.0,57.022,0.0,143.41333333333333,87.73161290322581,199.57875,0.0,0.0,237.9661224489796,0.0,164.73375,24.36,0.0,-10987.380000000001,0.0,-1350.06,16.200000000000003,51.9,0.0,-10696.77,42.48,0.0,62.099999999999994,9250.26,0.0,1710.6599999999999,0.0,1290.72,8159.04,6386.52,0.0,0.0,11660.34,0.0,2635.74,10987.380000000001,0.0,372.59999999999997,825.1200000000001,0.0,0.0,1013.76,0.0,367.2,0.0,0.0,0.0,0.0,0.0,0.0,-45.36,0.0,0.0,0.0,0.0,0.0,0.0,0.0,687.6,280.79999999999995,1350.06,10696.77,0.0,0.0,140.39999999999998,0.0,0.0,0.0,164.73375,237.9661224489796,0.0,0.0,174.5332075471698,0.0,184.38857142857142,0.0,0.0,0.0,0.0,0.0,0.0,-45.36,0.0,0.0,0.0,0.0,0.0,0.0,0.0,199.57875,87.73161290322581,0.0,0.0,0.0,0.0,65.03777777777778,0.0,-10987.380000000001,0.0,62.099999999999994,42.48,0.0,0.0,24.36,0.0,97.2,0.0,0.0,0.0,0.0,0.0,0.0,-45.36,0.0,0.0,0.0,0.0,0.0,0.0,0.0,51.9,16.200000000000003,-1350.06,-10696.77,0.0,0.0,15.57,0.0,0.0,0.0,2635.74,11660.34,0.0,0.0,9250.26,0.0,1290.72,0.0,0.0,0.0,0.0,0.0,0.0,-45.36,0.0,0.0,0.0,0.0,0.0,0.0,0.0,6386.52,8159.04,0.0,0.0,0.0,0.0,1756.02,0.0,0.0,372.59999999999997,10987.380000000001,10696.77,0.0,367.2,0.0,164.73375,162.28526315789475,177.99567567567567,0.0,94.4976,0.0,62.099999999999994,-10987.380000000001,-10696.77,0.0,16.200000000000003,0.0,2635.74,9250.26,19757.52,0.0,9449.76
Iceland,1036.8,440.64,293.76,92.74451612903225,108.67137931034482,95.21032258064515,20.88,34.8,52.199999999999996,8625.24,6302.94,2951.52,158.4,220.32,0.0,293.76,440.64,0.0,1036.8,0.0,0.0,0.0,440.64,0.0,67.99862068965517,88.17333333333333,0.0,92.50857142857143,114.23617021276594,0.0,110.04,0.0,0.0,0.0,110.23636363636363,0.0,20.88,42.48,0.0,34.8,34.8,0.0,25.2,0.0,0.0,0.0,35.4,0.0,1971.9599999999998,1587.12,0.0,3885.36,5369.099999999999,0.0,2640.96,0.0,0.0,0.0,2425.2,0.0,0.0,0.0,0.0,0.0,0.0,0.0,0.0,0.0,158.4,0.0,0.0,440.64,0.0,440.64,0.0,0.0,0.0,293.76,1036.8,0.0,220.32,0.0,0.0,0.0,0.0,0.0,0.0,0.0,0.0,0.0,0.0,0.0,0.0,0.0,0.0,0.0,0.0,0.0,0.0,67.99862068965517,0.0,0.0,114.23617021276594,0.0,110.23636363636363,0.0,0.0,0.0,92.50857142857143,110.04,0.0,88.17333333333333,0.0,0.0,0.0,0.0,0.0,0.0,0.0,0.0,0.0,0.0,0.0,0.0,0.0,0.0,0.0,0.0,0.0,0.0,20.88,0.0,0.0,34.8,0.0,35.4,0.0,0.0,0.0,34.8,25.2,0.0,42.48,0.0,0.0,0.0,0.0,0.0,0.0,0.0,0.0,0.0,0.0,0.0,0.0,0.0,0.0,0.0,0.0,0.0,0.0,1971.9599999999998,0.0,0.0,5369.099999999999,0.0,2425.2,0.0,0.0,0.0,3885.36,2640.96,0.0,1587.12,0.0,0.0,0.0,0.0,0.0,0.0,0.0,0.0,0.0,0.0,293.76,178.56,440.64,440.64,1036.8,0.0,95.21032258064515,72.645,114.23617021276594,110.23636363636363,100.66857142857143,0.0,52.199999999999996,20.88,34.8,35.4,25.2,0.0,2951.52,2905.7999999999997,5369.099999999999,2425.2,4228.08,0.0
Israel,1451.52,0.0,0.0,111.75266211604095,0.0,0.0,-563.52,0.0,0.0,32743.53,0.0,0.0,725.76,0.0,43.5,-378.71999999999997,0.0,0.0,105.66,279.6,0.0,310.79999999999995,559.8,1451.52,201.91500000000002,0.0,17.686451612903223,-471.12,0.0,0.0,75.97,112.46571428571428,0.0,65.08999999999999,118.73717647058824,219.7688888888889,35.4,0.0,3.96,-563.52,0.0,0.0,62.28,55.92,0.0,13.68,12.24,35.4,3230.6400000000003,0.0,548.28,-942.24,0.0,0.0,455.82,1574.52,0.0,1757.4299999999998,20185.32,5933.76,0.0,0.0,0.0,0.0,0.0,0.0,0.0,0.0,0.0,0.0,0.0,0.0,105.66,0.0,0.0,43.5,0.0,0.0,0.0,0.0,310.79999999999995,0.0,0.0,279.6,1451.52,-378.71999999999997,0.0,0.0,0.0,725.76,0.0,0.0,0.0,0.0,0.0,0.0,0.0,0.0,0.0,0.0,0.0,0.0,0.0,75.97,0.0,0.0,17.686451612903223,0.0,0.0,0.0,0.0,65.08999999999999,0.0,0.0,112.46571428571428,219.7688888888889,-471.12,0.0,0.0,0.0,125.89225806451613,0.0,0.0,0.0,0.0,0.0,0.0,0.0,0.0,0.0,0.0,0.0,0.0,0.0,62.28,0.0,0.0,3.96,0.0,0.0,0.0,0.0,13.68,0.0,0.0,55.92,35.4,-563.52,0.0,0.0,0.0,12.24,0.0,0.0,0.0,0.0,0.0,0.0,0.0,0.0,0.0,0.0,0.0,0.0,0.0,455.82,0.0,0.0,548.28,0.0,0.0,0.0,0.0,1757.4299999999998,0.0,0.0,1574.52,5933.76,-942.24,0.0,0.0,0.0,23415.96,0.0,0.0,725.76,279.6,43.5,1451.52,310.79999999999995,0.0,127.13333333333334,112.46571428571428,17.686451612903223,132.5841624365482,67.06818181818181,0.0,-563.52,55.92,3.96,12.24,13.68,0.0,2288.4,1574.52,548.28,26119.079999999998,2213.25
Italy,811.44,1242.0,0.0,83.91387283236993,93.32735915492958,0.0,-74.52,-370.98,0.0,43551.299999999996,26504.97,0.0,347.76,220.32,600.0,1242.0,811.44,172.79999999999998,339.84,811.44,347.76,165.60000000000002,463.68,-24.48,71.25340909090909,99.26363636363635,72.2982,86.8266,95.49867924528301,132.29999999999998,113.23862068965518,94.59724137931033,86.29518072289157,71.30666666666667,82.62808988764044,-54.95999999999999,-46.71,41.4,-70.38,-370.98,-105.66,86.39999999999999,-74.52,-31.68,-41.04,41.04,-70.38,-70.19999999999999,3135.1499999999996,3275.7,7229.82,13023.99,15184.289999999999,1058.3999999999999,3283.92,8229.96,7162.5,1283.52,7353.9,-164.87999999999997,172.79999999999998,1242.0,380.16,434.7,335.52,165.60000000000002,184.68,662.4000000000001,347.76,-10.56,247.68,220.32,496.8,357.12,0.0,347.76,463.68,-17.61,339.84,0.0,178.56,316.8,-15.54,0.0,140.39999999999998,-8.100000000000001,811.44,0.0,247.32,811.44,0.0,132.29999999999998,94.12277227722772,105.5475,107.00285714285714,124.8525,73.53999999999999,48.291,662.4000000000001,76.95658536585366,-37.9875,33.443333333333335,89.39928571428571,496.8,85.2324,0.0,77.80695652173912,74.38666666666666,-33.38999999999999,109.8075,0.0,178.56,136.2981818181818,-23.97,0.0,86.618,-46.875,95.304,0.0,87.52399999999999,88.37249999999999,0.0,86.39999999999999,27.599999999999998,12.24,-109.02000000000001,43.5,41.04,-52.83,662.4000000000001,-74.52,-70.19999999999999,-370.98,41.22,496.8,41.04,0.0,-70.38,-70.38,-70.38,-31.68,0.0,178.56,29.52,-32.4,0.0,-18.63,-105.66,20.88,0.0,35.4,20.88,0.0,1058.3999999999999,9506.4,2533.14,4494.12,2996.46,3088.68,482.90999999999997,662.4000000000001,3155.22,-303.9,601.98,3754.77,496.8,2130.81,0.0,1789.56,4686.36,-200.33999999999997,2635.38,0.0,178.56,2998.56,-47.94,0.0,1299.27,-468.75,6671.28,0.0,5251.44,10604.699999999999,0.0,247.68,357.12,1242.0,600.0,811.44,811.44,118.445,72.49597402597402,86.8761971830986,91.12432160804019,85.98765306122449,88.86440677966101,45.36,-370.98,-105.66,12.24,-70.38,-18.63,1421.34,5582.19,12336.42,18133.739999999998,16853.58,15729.0
Japan,15713.28,15177.6,0.0,344.2745364238411,763.095,0.0,-6589.44,-204.75,0.0,103970.91,42733.32,0.0,1554.0,0.0,0.0,15713.28,7142.4,1317.6000000000001,1779.84,-8.100000000000001,63.36,254.88,1491.84,2142.72,282.1510588235294,0.0,0.0,630.2083783783784,596.611914893617,262.6305,438.4851063829787,-113.6925,-12.705,21.6725,410.08153846153846,1115.04,1.23,0.0,0.0,-204.75,27.599999999999998,-134.70000000000002,-6589.44,-422.4,-188.67000000000002,-83.03999999999999,77.76,288.0,23982.84,0.0,0.0,46635.42,28040.76,5252.61,20608.8,-454.77,-304.92,260.07,15993.18,6690.24,0.0,0.0,2142.72,-6.84,361.79999999999995,0.0,7142.4,1491.84,0.0,15177.6,0.0,0.0,0.0,63.36,0.0,248.64,1779.84,15.54,13.47,15713.28,0.0,0.0,1554.0,0.0,1317.6000000000001,254.88,0.0,0.0,1467.0,1736.6399999999999,0.0,0.0,0.0,1115.04,-25.811249999999998,361.79999999999995,0.0,505.9425,331.454,0.0,15177.6,0.0,0.0,0.0,-19.404999999999998,0.0,-259.43999999999994,361.11,5.1113513513513515,-17.414,3051.702,0.0,0.0,403.076875,0.0,467.23,116.63999999999999,0.0,0.0,643.4090322580645,876.342857142857,0.0,0.0,0.0,288.0,-83.03999999999999,361.79999999999995,0.0,27.599999999999998,-134.70000000000002,0.0,15177.6,0.0,0.0,0.0,-126.72,0.0,-6589.44,-204.75,1.23,-188.67000000000002,-422.4,0.0,0.0,84.96,0.0,288.0,41.76,0.0,0.0,86.4,423.36,0.0,0.0,0.0,6690.24,-206.48999999999998,723.5999999999999,0.0,8095.08,14915.43,0.0,15177.6,0.0,0.0,0.0,-116.42999999999999,0.0,-5188.799999999999,14444.4,189.12,-261.21000000000004,15258.51,0.0,0.0,38695.38,0.0,5606.76,466.55999999999995,0.0,0.0,19945.68,12268.8,0.0,587.52,7142.4,1736.6399999999999,15177.6,15713.28,1317.6000000000001,256.86636363636364,463.2371794871795,180.605,509.8484210526316,977.8941666666667,112.8576923076923,20.88,-126.72,-6589.44,-204.75,-422.4,1.23,16953.18,54198.75,5418.15,29061.36,35204.19,5868.599999999999
Lebanon,633.6,0.0,0.0,155.982,0.0,0.0,42.48,0.0,0.0,7019.19,0.0,0.0,633.6,0.0,0.0,0.0,0.0,0.0,0.0,0.0,0.0,0.0,0.0,0.0,155.982,0.0,0.0,0.0,0.0,0.0,0.0,0.0,0.0,0.0,0.0,0.0,42.48,0.0,0.0,0.0,0.0,0.0,0.0,0.0,0.0,0.0,0.0,0.0,7019.19,0.0,0.0,0.0,0.0,0.0,0.0,0.0,0.0,0.0,0.0,0.0,0.0,0.0,0.0,0.0,0.0,0.0,0.0,0.0,0.0,633.6,0.0,0.0,0.0,0.0,0.0,0.0,0.0,0.0,0.0,0.0,0.0,0.0,0.0,0.0,0.0,0.0,0.0,0.0,0.0,0.0,0.0,0.0,0.0,0.0,0.0,0.0,0.0,0.0,0.0,0.0,155.982,0.0,0.0,0.0,0.0,0.0,0.0,0.0,0.0,0.0,0.0,0.0,0.0,0.0,0.0,0.0,0.0,0.0,0.0,0.0,0.0,0.0,0.0,0.0,0.0,0.0,0.0,0.0,0.0,0.0,0.0,42.48,0.0,0.0,0.0,0.0,0.0,0.0,0.0,0.0,0.0,0.0,0.0,0.0,0.0,0.0,0.0,0.0,0.0,0.0,0.0,0.0,0.0,0.0,0.0,0.0,0.0,0.0,0.0,0.0,0.0,0.0,7019.19,0.0,0.0,0.0,0.0,0.0,0.0,0.0,0.0,0.0,0.0,0.0,0.0,0.0,0.0,0.0,0.0,0.0,0.0,0.0,0.0,0.0,0.0,0.0,0.0,0.0,633.6,0.0,0.0,0.0,0.0,0.0,155.982,0.0,0.0,0.0,0.0,0.0,42.48,0.0,0.0,0.0,0.0,0.0,7019.19,0.0
Lithuania,506.88,0.0,0.0,196.69542857142858,0.0,0.0,54.72,0.0,0.0,6884.34,0.0,0.0,0.0,0.0,0.0,506.88,0.0,0.0,0.0,0.0,0.0,0.0,0.0,0.0,0.0,0.0,0.0,196.69542857142858,0.0,0.0,0.0,0.0,0.0,0.0,0.0,0.0,0.0,0.0,0.0,54.72,0.0,0.0,0.0,0.0,0.0,0.0,0.0,0.0,0.0,0.0,0.0,6884.34,0.0,0.0,0.0,0.0,0.0,0.0,0.0,0.0,0.0,0.0,0.0,0.0,0.0,0.0,0.0,0.0,0.0,0.0,0.0,0.0,0.0,0.0,0.0,506.88,0.0,0.0,261.0,0.0,0.0,0.0,0.0,0.0,0.0,0.0,0.0,0.0,0.0,0.0,0.0,0.0,0.0,0.0,0.0,0.0,0.0,0.0,0.0,0.0,0.0,0.0,0.0,0.0,0.0,0.0,194.80411764705883,0.0,0.0,261.0,0.0,0.0,0.0,0.0,0.0,0.0,0.0,0.0,0.0,0.0,0.0,0.0,0.0,0.0,0.0,0.0,0.0,0.0,0.0,0.0,0.0,0.0,0.0,0.0,0.0,0.0,0.0,54.72,0.0,0.0,261.0,0.0,0.0,0.0,0.0,0.0,0.0,0.0,0.0,0.0,0.0,0.0,0.0,0.0,0.0,0.0,0.0,0.0,0.0,0.0,0.0,0.0,0.0,0.0,0.0,0.0,0.0,0.0,6623.34,0.0,0.0,261.0,0.0,0.0,0.0,0.0,0.0,0.0,0.0,0.0,0.0,0.0,0.0,0.0,506.88,261.0,0.0,0.0,0.0,0.0,194.80411764705883,261.0,0.0,0.0,0.0,0.0,54.72,261.0,0.0,0.0,0.0,0.0,6623.34,261.0,0.0,0.0,0.0,0.0
Malta,662.4000000000001,1883.7,0.0,77.90336538461538,99.44217391304348,0.0,-41.22,-538.2,0.0,8101.95,2287.17,0.0,0.0,662.4000000000001,0.0,-4.41,1883.7,0.0,0.0,0.0,0.0,165.60000000000002,369.6,124.56,0.0,73.99108695652174,0.0,-25.548,195.58846153846156,0.0,0.0,0.0,0.0,68.38,83.40533333333333,124.56,0.0,-35.22,0.0,-82.44,-538.2,0.0,0.0,0.0,0.0,-41.22,9.72,124.56,0.0,3403.59,0.0,-255.48,2542.65,0.0,0.0,0.0,0.0,820.56,3753.24,124.56,0.0,0.0,165.60000000000002,-4.41,0.0,0.0,0.0,0.0,0.0,0.0,-24.119999999999997,-4.41,0.0,0.0,0.0,0.0,0.0,0.0,0.0,662.4000000000001,0.0,0.0,0.0,0.0,0.0,0.0,369.6,-17.61,1883.7,0.0,0.0,0.0,0.0,91.86,-25.548,0.0,0.0,0.0,0.0,0.0,0.0,-32.67,-25.548000000000002,0.0,0.0,0.0,0.0,0.0,0.0,0.0,78.555,0.0,0.0,0.0,0.0,0.0,0.0,83.40533333333333,-26.415,195.58846153846156,0.0,0.0,0.0,0.0,70.44,-82.44,0.0,0.0,0.0,0.0,0.0,0.0,-41.22,-82.44,0.0,0.0,0.0,0.0,0.0,0.0,0.0,20.759999999999998,0.0,0.0,0.0,0.0,0.0,0.0,9.72,-35.22,-538.2,0.0,0.0,0.0,0.0,1010.4599999999999,-127.74,0.0,0.0,0.0,0.0,0.0,0.0,-65.34,-127.74000000000001,0.0,0.0,0.0,0.0,0.0,0.0,0.0,3456.42,0.0,0.0,0.0,0.0,0.0,0.0,3753.24,-52.83,2542.65,0.0,0.0,0.0,662.4000000000001,369.6,-24.119999999999997,1883.7,0.0,0.0,69.06479999999999,84.348,-32.67,118.104,0.0,0.0,-82.44,9.72,-41.22,-538.2,0.0,0.0,3453.24,4639.14,-65.34,2362.08,0.0
Netherlands,5788.799999999999,20736.0,0.0,467.0528246753247,609.1419120458891,0.0,-1105.92,-74.52,0.0,863113.62,318581.22,0.0,2703.36,5788.799999999999,1800.0,10713.6,20736.0,2534.4,4377.599999999999,2027.52,2903.04,4147.2,3729.6,1808.9999999999998,411.78370786516854,443.2788940092165,390.8740625,550.4344827586207,637.0512820512821,593.5891603053435,592.575976331361,528.8637583892618,462.3618181818182,439.6367857142857,551.876049382716,306.2620895522388,-186.29999999999998,-62.28,1.7399999999999998,-74.52,1.62,32.4,32.4,5.1899999999999995,32.4,-1105.92,-854.52,1.7399999999999998,73297.5,96191.51999999999,75047.81999999999,95775.59999999999,223605.0,77760.18,100145.34,78800.7,91547.64,73858.98,134105.88,61558.68,5184.0,2703.36,635.04,2027.52,2903.04,5788.799999999999,4147.2,20736.0,1808.9999999999998,4377.599999999999,845.28,737.28,2534.4,1866.24,246.23999999999998,0.0,1367.9999999999998,10713.6,1041.6,412.56000000000006,3729.6,2237.7599999999998,2703.36,2534.4,1491.84,93.96,0.0,1894.32,0.0,868.3199999999999,2027.52,512.1393255131965,444.91155963302754,120.43714285714286,490.18481012658225,637.624537815126,382.18746268656713,709.305,1482.5249999999999,565.7452427184465,695.4095575221239,400.02899999999994,25.30411764705882,865.266923076923,242.84962025316455,97.53777777777778,0.0,485.31299999999993,397.87375939849625,146.225,155.25346153846155,372.7716326530612,575.00175,647.9751562499999,624.9052173913043,602.9315789473684,61.1625,0.0,537.930731707317,0.0,128.05864864864864,454.01192307692304,-74.52,3.42,5.1899999999999995,20.88,108.0,32.4,0.0,29.58,108.0,32.4,62.099999999999994,-1105.92,70.38,1.62,41.22,0.0,-144.71999999999997,1.7399999999999998,27.839999999999996,8.64,-62.28,-186.29999999999998,73.44,108.0,208.79999999999998,42.48,0.0,20.88,0.0,-854.52,70.38,174639.50999999998,48495.36,5901.42,116173.79999999999,75877.31999999999,25606.559999999998,68093.28,41510.7,58271.759999999995,78581.28,8000.579999999999,860.3399999999999,22496.94,19185.12,2633.52,0.0,9706.259999999998,52917.21,1754.6999999999998,8073.18,54797.43,46000.14,82940.81999999999,71864.09999999999,34367.1,489.3,0.0,44110.32,0.0,4738.17,23608.62,2027.52,10713.6,2903.04,4377.599999999999,20736.0,4147.2,396.5793442622951,525.7613352272728,424.94735294117646,464.2801875,624.2460284810127,393.9034682080925,-74.52,-1105.92,1.7399999999999998,-186.29999999999998,-854.52,0.0,24191.34,185067.99,144482.1,297139.32,394523.49,136290.6
Norway,2898.0,1324.8000000000002,0.0,131.1551851851852,140.7690756302521,0.0,-1558.71,0.0,0.0,95612.13,50254.56,0.0,165.60000000000002,0.0,1324.8000000000002,1324.8000000000002,993.6,0.0,165.60000000000002,0.0,1558.71,517.86,1159.2,2898.0,81.7725,0.0,234.80278846153846,140.85578635014838,110.88502994011975,0.0,11.040000000000001,0.0,60.96,124.69041322314048,95.93976190476191,147.0207831325301,35.4,0.0,18.63,20.88,0.0,0.0,-82.08,0.0,-1558.71,-62.28,12.959999999999999,19.44,2616.72,0.0,24419.489999999998,47468.4,18517.8,0.0,165.60000000000002,0.0,1097.28,15087.539999999999,12088.41,24405.45,1118.8799999999999,331.20000000000005,2898.0,0.0,0.0,1324.8000000000002,0.0,423.36,984.96,165.60000000000002,846.72,423.36,1558.71,0.0,331.20000000000005,165.60000000000002,0.0,331.20000000000005,373.68,846.72,517.86,1159.2,24.839999999999996,1324.8000000000002,0.0,0.0,331.20000000000005,0.0,82.08,993.6,0.0,248.97609375,85.83972222222222,103.93846153846154,0.0,0.0,170.58979591836734,0.0,105.55652173913043,135.088125,78.80142857142857,173.65588235294118,101.30493506493507,100.27333333333334,0.0,86.176,83.19,0.0,108.585,104.8572972972973,166.0590909090909,133.55185185185186,209.012,24.839999999999996,111.501,0.0,0.0,116.607,0.0,71.33142857142857,102.22200000000001,0.0,19.44,41.04,-82.08,0.0,0.0,41.4,0.0,27.839999999999996,20.88,41.04,27.839999999999996,-62.28,-1558.71,0.0,43.2,35.4,0.0,27.599999999999998,20.88,27.839999999999996,12.24,56.16,24.839999999999996,18.63,0.0,0.0,51.839999999999996,0.0,61.56,0.0,0.0,31868.94,9270.69,6756.0,0.0,0.0,8358.9,0.0,7283.4,4322.82,1103.22,11808.6,7800.48,2707.38,0.0,1292.64,1996.56,0.0,1737.36,7759.44,10959.9,10817.7,3135.18,24.839999999999996,8920.08,0.0,0.0,2332.14,0.0,499.32,5111.1,0.0,331.20000000000005,2898.0,1118.8799999999999,1558.71,423.36,1324.8000000000002,108.585,136.3909364548495,240.57999999999998,74.51177777777778,106.43244094488189,126.45489304812834,27.599999999999998,-62.28,19.44,-1558.71,27.839999999999996,0.0,1737.36,40780.89,32478.3,10059.09,13516.92,47294.13
Poland,496.8,249.12,0.0,91.20696629213482,75.24648648648649,0.0,-164.88,-31.08,0.0,24352.26,5568.24,0.0,422.64,496.8,0.0,337.92,249.12,82.08,317.52,329.76,253.44,357.12,168.48,331.20000000000005,89.47285714285714,86.76538461538462,0.0,128.685,75.24648648648649,58.40181818181818,102.51857142857143,101.74799999999999,146.39999999999998,84.95625,69.15375,89.079375,27.36,-164.88,0.0,48.239999999999995,-31.08,34.8,-37.08,34.8,82.44,41.4,-36.72,34.8,2505.24,6767.7,0.0,1029.48,5568.24,642.42,2870.52,2543.7,1317.6,2718.6,1106.46,2850.54,0.0,-10.379999999999999,0.0,0.0,0.0,496.8,0.0,0.0,0.0,0.0,357.12,0.0,-17.28,337.92,168.48,104.39999999999999,317.52,422.64,0.0,0.0,0.0,104.39999999999999,0.0,97.92,0.0,331.20000000000005,253.44,331.20000000000005,0.0,-24.48,329.76,0.0,-19.9,0.0,0.0,0.0,95.48949152542373,0.0,0.0,0.0,0.0,261.36,0.0,-74.46,96.30905660377358,67.24588235294118,60.52384615384615,87.40181818181817,155.31333333333333,0.0,0.0,0.0,58.28526315789474,0.0,62.051249999999996,0.0,116.1075,146.39999999999998,88.032,0.0,-26.76,101.74799999999999,0.0,-37.08,0.0,0.0,0.0,-36.72,0.0,0.0,0.0,0.0,165.60000000000002,0.0,-164.88,38.88,-103.56,27.36,34.8,62.28,0.0,0.0,0.0,27.36,0.0,34.8,0.0,34.8,82.44,35.4,0.0,-31.08,34.8,0.0,-59.699999999999996,0.0,0.0,0.0,5633.88,0.0,0.0,0.0,0.0,522.72,0.0,-223.38,5104.38,1143.18,1573.62,5768.5199999999995,1397.82,0.0,0.0,0.0,1107.42,0.0,992.8199999999999,0.0,1857.72,1317.6,1320.48,0.0,-80.28,2543.7,0.0,496.8,329.76,357.12,331.20000000000005,422.64,0.0,85.09576642335766,78.69762711864406,106.872,75.49615384615385,90.286875,0.0,-164.88,-37.08,27.36,34.8,-103.56,0.0,11658.119999999999,4643.16,5877.96,1962.9,5778.36
Portugal,5141.82,579.6,0.0,79.82752854812398,83.44024647887323,0.0,-5141.82,-25.919999999999998,0.0,97868.55,23697.03,0.0,1341.36,5141.82,1403.5500000000002,695.52,422.64,2308.98,254.88,347.76,695.52,124.56,345.59999999999997,463.68,185.67454545454544,65.56254545454546,58.61341463414634,87.06281553398058,70.13842105263157,32.07384615384615,85.39866666666667,77.24249999999999,102.21823008849557,65.7975,121.07485714285714,96.88548387096773,35.4,-5141.82,-1403.5500000000002,-62.28,5.1899999999999995,-2308.98,4.14,-186.48,20.88,42.48,-62.28,-20.52,12254.519999999999,3605.9400000000005,26434.649999999998,26902.41,6663.15,2501.7599999999998,11528.82,4325.58,11550.66,1315.95,8475.24,6006.9,1341.36,463.68,0.0,5141.82,695.52,98.64000000000001,231.84,0.0,463.68,0.0,231.84,246.24,579.6,124.56,86.39999999999999,144.71999999999997,463.68,463.68,695.52,273.59999999999997,231.84,0.0,579.6,2308.98,246.24,463.68,347.76,347.76,1403.5500000000002,0.0,372.06000000000006,201.375,127.38428571428572,0.0,71.0135593220339,64.28,32.66692307692308,78.13000000000001,0.0,81.76418181818181,0.0,231.84,90.684,124.28249999999998,68.97888888888889,59.76461538461538,74.76857142857143,121.24965517241378,37.29141025641026,76.86892857142857,103.00515151515151,92.4042857142857,0.0,83.63105263157895,61.36100719424461,84.54446280991735,85.38,107.53090909090909,87.37636363636364,80.57806451612903,0.0,310.05000000000007,35.4,51.839999999999996,0.0,-5141.82,-20.52,5.1899999999999995,42.48,0.0,20.88,0.0,231.84,35.4,19.44,42.48,-62.28,35.4,42.48,-25.919999999999998,-186.48,15.57,51.9,0.0,14.76,-2308.98,-62.28,20.88,19.44,34.8,-1403.5500000000002,0.0,248.04000000000002,12888.0,1783.38,0.0,4189.8,7520.76,1274.01,1406.3400000000001,0.0,4497.03,0.0,231.84,2720.52,5965.5599999999995,1862.4299999999998,776.9399999999999,1046.76,3516.24,8726.19,6456.99,10197.51,1293.6599999999999,0.0,9533.94,8529.18,10229.88,4781.28,7097.04,1922.28,2497.92,0.0,620.1000000000001,347.76,695.52,5141.82,1341.36,2308.98,579.6,85.29514285714285,92.02292763157894,88.94187772925764,109.07853982300885,50.59165680473373,97.41689655172414,31.319999999999997,-186.48,-5141.82,-62.28,-2308.98,-20.52,5970.66,27974.969999999998,20367.69,24651.75,25649.97,16950.54
RSA,158.4,0.0,0.0,71.6498275862069,0.0,0.0,0.0,0.0,0.0,4155.69,0.0,0.0,0.0,0.0,158.4,0.0,0.0,0.0,0.0,0.0,0.0,0.0,0.0,0.0,0.0,0.0,71.6498275862069,0.0,0.0,0.0,0.0,0.0,0.0,0.0,0.0,0.0,0.0,0.0,0.0,0.0,0.0,0.0,0.0,0.0,0.0,0.0,0.0,0.0,0.0,0.0,4155.69,0.0,0.0,0.0,0.0,0.0,0.0,0.0,0.0,0.0,0.0,0.0,0.0,0.0,0.0,0.0,0.0,0.0,0.0,0.0,0.0,0.0,0.0,0.0,0.0,0.0,0.0,0.0,0.0,0.0,0.0,0.0,0.0,0.0,158.4,0.0,0.0,0.0,0.0,0.0,0.0,0.0,0.0,0.0,0.0,0.0,0.0,0.0,0.0,0.0,0.0,0.0,0.0,0.0,0.0,0.0,0.0,0.0,0.0,0.0,0.0,0.0,0.0,0.0,0.0,71.6498275862069,0.0,0.0,0.0,0.0,0.0,0.0,0.0,0.0,0.0,0.0,0.0,0.0,0.0,0.0,0.0,0.0,0.0,0.0,0.0,0.0,0.0,0.0,0.0,0.0,0.0,0.0,0.0,0.0,0.0,0.0,0.0,0.0,0.0,0.0,0.0,0.0,0.0,0.0,0.0,0.0,0.0,0.0,0.0,0.0,0.0,0.0,0.0,0.0,0.0,0.0,0.0,0.0,0.0,0.0,0.0,0.0,0.0,0.0,0.0,0.0,0.0,4155.69,0.0,0.0,0.0,0.0,0.0,0.0,0.0,0.0,0.0,0.0,158.4,0.0,0.0,0.0,0.0,0.0,71.6498275862069,0.0,0.0,0.0,0.0,0.0,0.0,0.0,0.0,0.0,0.0,0.0,4155.69,0.0
Saudi Arabia,82.08,0.0,0.0,54.407999999999994,0.0,0.0,-61.2,0.0,0.0,544.0799999999999,0.0,0.0,0.0,0.0,0.0,0.0,0.0,0.0,0.0,0.0,82.08,0.0,0.0,0.0,0.0,0.0,0.0,0.0,0.0,0.0,0.0,0.0,54.407999999999994,0.0,0.0,0.0,0.0,0.0,0.0,0.0,0.0,0.0,0.0,0.0,-61.2,0.0,0.0,0.0,0.0,0.0,0.0,0.0,0.0,0.0,0.0,0.0,544.0799999999999,0.0,0.0,0.0,0.0,0.0,0.0,0.0,0.0,0.0,0.0,82.08,0.0,0.0,0.0,0.0,0.0,0.0,-61.2,0.0,0.0,0.0,0.0,0.0,0.0,0.0,0.0,0.0,0.0,0.0,0.0,0.0,0.0,0.0,0.0,0.0,0.0,0.0,0.0,0.0,0.0,0.0,67.25333333333333,0.0,0.0,0.0,0.0,0.0,0.0,-61.2,0.0,0.0,0.0,0.0,0.0,0.0,0.0,0.0,0.0,0.0,0.0,0.0,0.0,0.0,0.0,0.0,0.0,0.0,0.0,0.0,0.0,0.0,0.0,20.88,0.0,0.0,0.0,0.0,0.0,0.0,-61.2,0.0,0.0,0.0,0.0,0.0,0.0,0.0,0.0,0.0,0.0,0.0,0.0,0.0,0.0,0.0,0.0,0.0,0.0,0.0,0.0,0.0,0.0,0.0,605.28,0.0,0.0,0.0,0.0,0.0,0.0,-61.2,0.0,0.0,0.0,0.0,0.0,0.0,0.0,0.0,0.0,0.0,0.0,0.0,0.0,0.0,0.0,0.0,0.0,0.0,0.0,0.0,82.08,0.0,0.0,0.0,0.0,0.0,54.407999999999994,0.0,0.0,0.0,0.0,0.0,-61.2,0.0,0.0,0.0,0.0,0.0,544.0799999999999,0.0
Singapore,16350.21,0.0,0.0,165.23213973799128,0.0,0.0,-16350.21,0.0,0.0,37838.16,0.0,0.0,1035.0,0.0,16350.21,0.0,0.0,0.0,9865.289999999999,0.0,0.0,0.0,0.0,725.76,152.0807142857143,0.0,115.21833333333335,0.0,0.0,0.0,141.8032258064516,0.0,0.0,0.0,0.0,218.4264,20.88,0.0,-16350.21,0.0,0.0,0.0,-9865.289999999999,0.0,0.0,0.0,0.0,24.599999999999998,8516.52,0.0,4147.860000000001,0.0,0.0,0.0,8791.8,0.0,0.0,0.0,0.0,16381.98,0.0,0.0,0.0,0.0,0.0,0.0,0.0,1035.0,0.0,0.0,0.0,0.0,0.0,0.0,0.0,9865.289999999999,838.8000000000001,0.0,0.0,0.0,0.0,0.0,0.0,0.0,0.0,300.0,0.0,0.0,725.76,0.0,16350.21,0.0,0.0,0.0,0.0,0.0,0.0,0.0,152.0807142857143,0.0,0.0,0.0,0.0,0.0,0.0,0.0,1.1368683772161604e-14,169.0730769230769,0.0,0.0,0.0,0.0,0.0,0.0,0.0,0.0,129.620625,0.0,0.0,218.4264,0.0,0.0,0.0,0.0,0.0,0.0,0.0,0.0,0.0,20.88,0.0,0.0,0.0,0.0,0.0,0.0,0.0,-9865.289999999999,9.72,0.0,0.0,0.0,0.0,0.0,0.0,0.0,0.0,27.839999999999996,0.0,0.0,24.599999999999998,0.0,-16350.21,0.0,0.0,0.0,0.0,0.0,0.0,0.0,8516.52,0.0,0.0,0.0,0.0,0.0,0.0,0.0,1.1368683772161603e-13,8791.8,0.0,0.0,0.0,0.0,0.0,0.0,0.0,0.0,4147.86,0.0,0.0,16381.98,0.0,0.0,0.0,16350.21,9865.289999999999,1035.0,0.0,300.0,0.0,0.0,192.72917647058824,160.26222222222222,0.0,129.620625,0.0,-16350.21,-9865.289999999999,9.72,0.0,27.839999999999996,0.0,0.0,16381.98,17308.32,0.0,4147.86
Spain,5594.4,5594.4,0.0,91.68727838258164,83.88195325542571,0.0,-7103.64,-90.72,0.0,176864.75999999998,50245.29,0.0,739.2,927.36,1728.6,5594.4,1159.2,927.36,927.36,5054.4,579.6,811.44,868.3199999999999,5594.4,49.01503937007874,84.25314159292034,77.15076124567474,115.25689243027888,68.47049645390071,103.48598540145986,123.90431818181817,114.90541850220264,74.42505494505495,67.16864253393665,102.90967105263158,172.43399999999997,-7103.64,-3.21,-1728.6,-47.88,-90.72,20.88,14.4,-4661.64,-105.60000000000001,-52.800000000000004,0.0,-193.71,12449.82,19041.21,22296.57,28929.48,28963.02,14177.58,16355.369999999999,26083.53,6772.68,14844.27,15642.27,21554.249999999996,673.92,347.76,579.6,5594.4,927.36,695.52,347.76,0.0,904.4999999999999,739.2,1159.2,811.44,0.0,602.9999999999999,5594.4,927.36,811.44,463.68,579.6,347.76,927.36,347.76,695.52,739.2,5054.4,1728.6,0.0,811.44,422.40000000000003,347.76,463.68,85.50166666666667,37.00909090909091,79.44675,3098.7,98.93737226277372,101.7262962962963,83.16910714285713,0.0,86.39526315789473,17.09209459459459,77.9123275862069,102.658125,0.0,514.8,349.89599999999996,87.199509202454,92.16600000000001,46.682177419354836,48.54882352941176,3.9784090909090852,58.25815068493151,41.13972972972973,77.82218181818182,95.26805309734513,540.2554285714285,974.5760000000001,0.0,68.83649214659687,-119.82082191780822,103.23951219512195,86.14227272727273,4.7700000000000005,-52.800000000000004,-272.15999999999997,1118.8799999999999,31.319999999999997,20.88,19.44,0.0,0.0,-7103.64,19.44,3.96,0.0,410.4,-41.22,-83.03999999999999,17.4,-193.71,-105.60000000000001,-4661.64,9.72,-70.44,14.4,20.88,43.5,275.04,0.0,3.4799999999999995,-1728.6,29.52,-3.21,13851.27,2035.5,12711.48,12394.8,13554.42,8239.83,4657.469999999999,0.0,13132.08,2529.6299999999997,9037.83,6570.12,0.0,2573.9999999999995,20993.76,14213.52,8755.77,5788.59,1650.6599999999999,350.0999999999995,8505.69,4566.51,4280.22,10765.289999999999,18908.94,14618.640000000001,0.0,13147.77,-8746.92,4232.82,3790.2599999999998,1159.2,5594.4,5594.4,5054.4,927.36,1728.6,69.2731626506024,107.22824607329842,89.05717105263157,124.58816326530612,60.98719033232628,111.70776203966005,-52.800000000000004,-47.88,-1728.6,-83.03999999999999,-7103.64,-41.22,22998.69,40961.189999999995,40610.07,42733.74,40373.52,39432.84
Sweden,4924.8,1149.1200000000001,0.0,383.3661157024793,129.9012244897959,0.0,-4924.8,-986.4000000000001,0.0,139161.9,12730.32,0.0,1555.2,184.68,1969.92,4924.8,1149.1200000000001,1555.2,496.8,828.0,2073.6,3283.2,2160.0,1969.92,433.3454545454545,114.49875,596.7552631578947,343.28333333333336,127.81483146067416,376.2909090909091,97.79172413793104,150.35999999999999,621.5255172413794,388.16,385.4688888888889,342.4384615384615,43.5,39.36,34.8,-4924.8,-77.69999999999999,-35.22,32.4,-165.60000000000002,-747.36,29.52,-41.04,48.6,14300.4,1831.98,22676.699999999997,12358.2,11375.52,12417.6,2835.96,2105.04,18024.24,19796.16,20815.32,13355.1,0.0,0.0,662.4000000000001,331.20000000000005,165.60000000000002,331.20000000000005,0.0,0.0,165.60000000000002,0.0,1555.2,1969.92,0.0,184.68,474.39000000000004,2160.0,1969.92,828.0,0.0,331.20000000000005,184.68,509.76,165.60000000000002,1555.2,4924.8,2073.6,496.8,1736.6399999999999,1969.92,313.2,0.0,0.0,0.0,193.54285714285714,85.21578947368421,117.30857142857143,71.277,0.0,0.0,111.55,0.0,380.32540540540543,417.90731707317076,0.0,94.12105263157895,159.81692307692308,502.716,586.8,92.31113207547169,0.0,105.12000000000002,120.70363636363636,-118.80000000000001,74.07692307692308,664.71375,899.2926315789473,601.776923076923,92.252,336.384,707.8838709677418,147.63,0.0,0.0,0.0,-331.20000000000005,52.199999999999996,54.72,29.52,0.0,0.0,62.28,0.0,29.52,34.8,0.0,35.4,-35.22,-986.4000000000001,48.6,-165.60000000000002,0.0,-77.69999999999999,39.36,-747.36,33.0,42.48,-4924.8,37.44,32.4,43.5,-41.04,-35.910000000000004,0.0,0.0,0.0,1354.8,1619.1000000000001,821.16,1425.54,0.0,0.0,1338.6,0.0,14072.04,17134.2,0.0,1788.3,2077.62,2513.58,11736.0,4892.49,0.0,946.0800000000002,1327.74,-237.60000000000002,963.0,10635.42,17086.559999999998,23469.3,2767.56,11773.44,21944.399999999998,442.89,0.0,1969.92,1969.92,2073.6,4924.8,2160.0,1736.6399999999999,237.94348314606742,365.19891891891893,602.9236363636363,329.5947945205479,227.37073170731705,272.5529126213592,20.88,-41.04,-986.4000000000001,-4924.8,-747.36,-35.910000000000004,21176.97,13512.36,46425.119999999995,24060.42,18644.399999999998,28072.95
Switzerland,1324.8000000000002,1490.4,0.0,118.3491619047619,113.06498806682576,0.0,-744.0,-8.28,0.0,186399.93,47374.229999999996,0.0,1013.76,1242.0,1324.8000000000002,367.2,1490.4,744.0,744.0,328.32,651.2399999999999,828.0,1159.2,496.8,108.42462765957445,253.57238095238094,140.6003142857143,93.69681818181817,116.82228346456694,89.52928571428572,118.65599999999999,96.56930232558139,126.0379746835443,111.50474999999999,88.89484419263455,64.19154929577465,-35.19,-52.800000000000004,-59.85,-8.28,3.54,-744.0,-123.66,20.88,27.839999999999996,-48.239999999999995,-496.8,-424.79999999999995,20383.829999999998,31950.12,49210.11,4122.66,44509.29,15040.92,9492.48,4152.48,9957.0,4460.19,31379.879999999997,9115.2,0.0,1013.76,662.4000000000001,1118.8799999999999,496.8,828.0,1490.4,422.64,410.4,1324.8000000000002,662.4000000000001,1159.2,0.0,367.2,-12.24,0.0,345.59999999999997,984.96,197.64000000000001,506.88,651.2399999999999,1242.0,367.2,506.88,-12.24,496.8,744.0,70.19999999999999,0.0,422.28000000000003,281.52,0.0,114.51953488372094,78.44714285714286,307.3660563380282,96.18333333333334,107.00756756756756,118.15415730337078,106.84961538461539,33.147083333333335,80.37560747663552,91.40553191489363,105.73512605042016,0.0,77.41755458515283,-52.589999999999996,0.0,105.4057731958763,186.32430379746833,76.4664705882353,158.71875,164.8357894736842,345.5907692307692,97.69657894736842,124.74136363636363,-23.615,91.71457627118644,524.0,19.34204081632653,0.0,87.26181818181819,81.54176470588236,0.0,-744.0,-41.22,-48.239999999999995,41.4,-496.8,19.44,27.839999999999996,3.54,19.44,19.44,19.44,0.0,-73.44,-136.07999999999998,0.0,12.24,41.76,19.44,20.88,48.6,27.599999999999998,-123.66,-59.85,-52.800000000000004,-424.79999999999995,165.60000000000002,1.7399999999999998,0.0,19.44,20.88,0.0,14773.02,8236.95,21822.99,1731.3,11877.84,10515.72,5556.18,2386.59,8600.19,8592.12,12582.48,0.0,17728.62,-315.53999999999996,0.0,20448.72,29439.239999999998,2599.86,2539.5,3131.8799999999997,26956.079999999998,7424.94,2744.31,-141.69,5411.16,1572.0,947.76,0.0,3839.52,2772.42,1159.2,1490.4,828.0,828.0,1118.8799999999999,1242.0,138.04932806324112,104.99158396946564,102.70163265306122,82.10322368421052,158.01135888501742,135.58244680851064,-20.52,-744.0,-496.8,-136.07999999999998,0.0,-424.79999999999995,34926.48,55015.59,10064.76,37439.07,45349.26,50979.0
USA,316.8,336.96,0.0,7.107589285714285,83.43850746268657,0.0,-164.16,-311.03999999999996,0.0,1592.1,5590.38,0.0,0.0,0.0,164.16,336.96,336.96,316.8,0.0,0.0,0.0,0.0,0.0,0.0,0.0,0.0,0.0,59.380465116279076,126.5425,72.36818181818181,0.0,0.0,0.0,0.0,0.0,0.0,0.0,0.0,-164.16,-311.03999999999996,43.2,5.1899999999999995,0.0,0.0,0.0,0.0,0.0,0.0,0.0,0.0,0.0,2553.36,3037.02,1592.1,0.0,0.0,0.0,0.0,0.0,0.0,316.8,336.96,0.0,0.0,0.0,0.0,0.0,0.0,0.0,0.0,0.0,0.0,311.03999999999996,0.0,0.0,336.96,0.0,0.0,-20.88,0.0,0.0,164.16,0.0,-20.88,0.0,0.0,0.0,0.0,0.0,0.0,0.0,72.36818181818181,126.5425,0.0,0.0,0.0,0.0,0.0,0.0,0.0,0.0,0.0,0.0,101.91272727272727,0.0,0.0,121.58857142857144,0.0,0.0,-101.91272727272727,0.0,0.0,64.88673267326732,0.0,-64.88673267326732,0.0,0.0,0.0,0.0,0.0,0.0,0.0,5.1899999999999995,43.2,0.0,0.0,0.0,0.0,0.0,0.0,0.0,0.0,0.0,0.0,20.88,0.0,0.0,56.64,0.0,0.0,-311.03999999999996,0.0,0.0,20.88,0.0,-164.16,0.0,0.0,0.0,0.0,0.0,0.0,0.0,1592.1,3037.02,0.0,0.0,0.0,0.0,0.0,0.0,0.0,0.0,0.0,0.0,1121.04,0.0,0.0,2553.36,0.0,0.0,-1121.04,0.0,0.0,6553.5599999999995,0.0,-6553.5599999999995,0.0,0.0,0.0,0.0,0.0,0.0,0.0,0.0,-20.88,336.96,316.8,-20.88,336.96,0.0,-64.88673267326732,74.64688524590164,72.36818181818181,-101.91272727272727,118.80171428571427,0.0,-164.16,20.88,5.1899999999999995,-311.03999999999996,20.88,0.0,-6553.5599999999995,9106.92,1592.1,-1121.04,4158.0599999999995
United Arab Emirates,633.6,0.0,0.0,116.01926470588235,0.0,0.0,14.76,0.0,0.0,7889.3099999999995,0.0,0.0,271.08,0.0,155.25,0.0,0.0,0.0,0.0,0.0,0.0,633.6,0.0,0.0,122.968,0.0,155.25,0.0,0.0,0.0,0.0,0.0,0.0,109.32486486486486,0.0,0.0,62.28,0.0,155.25,0.0,0.0,0.0,0.0,0.0,0.0,14.76,0.0,0.0,3689.04,0.0,155.25,0.0,0.0,0.0,0.0,0.0,0.0,4045.02,0.0,0.0,0.0,0.0,0.0,155.25,0.0,0.0,0.0,0.0,0.0,0.0,0.0,0.0,633.6,0.0,0.0,0.0,0.0,0.0,0.0,0.0,0.0,0.0,0.0,0.0,0.0,0.0,0.0,271.08,0.0,0.0,0.0,0.0,0.0,0.0,155.25,0.0,0.0,0.0,0.0,0.0,0.0,0.0,0.0,109.32486486486486,0.0,0.0,0.0,0.0,0.0,0.0,0.0,0.0,0.0,0.0,0.0,0.0,0.0,0.0,122.968,0.0,0.0,0.0,0.0,0.0,0.0,155.25,0.0,0.0,0.0,0.0,0.0,0.0,0.0,0.0,14.76,0.0,0.0,0.0,0.0,0.0,0.0,0.0,0.0,0.0,0.0,0.0,0.0,0.0,0.0,62.28,0.0,0.0,0.0,0.0,0.0,0.0,155.25,0.0,0.0,0.0,0.0,0.0,0.0,0.0,0.0,4045.02,0.0,0.0,0.0,0.0,0.0,0.0,0.0,0.0,0.0,0.0,0.0,0.0,0.0,0.0,3689.04,0.0,0.0,0.0,0.0,0.0,271.08,0.0,633.6,0.0,0.0,0.0,122.968,0.0,110.53342105263157,0.0,0.0,0.0,62.28,0.0,14.76,0.0,0.0,0.0,3689.04,0.0,4200.2699999999995,0.0
United Kingdom,40710850.56,699796.7999999999,56061.12,181.65850143585376,68.06858055794518,61.92424178154825,-320608.8,-699796.7999999999,-56061.12,66104620.38,8308110.6,175183.68,320608.8,161335.8,29609.64,40710850.56,19814.399999999998,33711.0,27091.8,27091.8,13358.519999999999,11394.0,45796.95,18225.0,63.78937438405665,75.38209835643755,74.81820077576653,518.2148254743149,71.42225971615066,71.2810905806288,68.05162762237762,62.33993180268243,64.45217816753572,69.25446475342889,78.85737902335991,62.109724245577524,-320608.8,-161335.8,-24602.25,-699796.7999999999,-34304.97,-33711.0,-27091.8,-69916.41,-23569.23,-30751.800000000003,-45796.92,-26899.53,1747637.49,2343704.82,4050657.39,46706702.220000006,4770721.26,2249060.9699999997,2335531.86,1371166.8,1903530.63,2459018.28,2501434.92,2148748.02,320608.8,29609.64,9244.8,9420.75,13086.359999999999,13358.519999999999,8171.52,12900.0,12960.0,9495.0,18225.0,40710850.56,11160.0,6804.0,33711.0,17366.399999999998,7020.0,56061.12,14742.000000000002,699796.7999999999,13320.720000000001,161335.8,18651.420000000002,45796.95,27091.8,19814.399999999998,11394.0,6442.200000000001,17750.79,27091.8,3594.3900000000003,57.8714179059546,105.0828566130109,60.66610827318156,68.38773649255072,62.41531992244304,65.9798492791612,70.00503211991435,63.3818685239827,77.52688821109378,70.06342485760187,63.37687357630979,2332.3703555307884,73.01905039193728,65.18960207348681,78.75863696282626,68.48812169545295,69.32705251935809,68.45956050955414,69.77613485016647,64.26047345767576,73.92539476870914,67.48182616330114,69.26923476454294,56.158834480820566,77.03096348517714,88.5297385396651,74.67097242380261,66.31413889373582,69.76771596474046,65.57266712568853,59.54798192382182,-320608.8,-3188.88,-15853.32,-5494.32,-27582.81,-1159.92,-622.0799999999999,-1852.92,-6152.549999999999,-2462.4,-3967.38,-24602.25,-1740.0,-27826.5,-33711.0,-73842.95999999999,-2640.0,-56061.12,-69916.41,-699796.7999999999,-3041.28,-161335.8,-7603.2,-45796.92,-3545.8500000000004,-4300.4400000000005,-30751.800000000003,-29008.29,-17750.79,-27091.8,-1088.6399999999999,961186.38,1416621.99,1092596.6099999999,1142964.24,1030102.44,906167.25,686539.35,923663.97,1092974.07,959448.54,1001608.11,41854386.03,978090.1799999999,855157.2,1194926.04,1554406.41,1235546.73,1397259.63,1508839.14,1209317.85,1220951.82,999203.4,1200297.3,799364.85,1278405.8699999999,1290055.3499999999,1080414.3,1140138.99,1068492.57,1047588.9299999999,461199.12,56061.12,40710850.56,27091.8,320608.8,18651.420000000002,699796.7999999999,49.365843377356065,549.0555194530092,65.2135915566185,75.50812520805131,77.22573104996583,72.82853684428207,-56061.12,-69916.41,-73842.95999999999,-320608.8,-30751.800000000003,-699796.7999999999,3080033.6999999997,46655443.71,5644431.99,6804943.26,7120444.08,5282617.92
Unspecified,287.28000000000003,184.68,0.0,40.257223650385605,75.57622641509434,0.0,0.81,34.8,0.0,15660.06,4005.54,0.0,0.0,0.0,0.0,184.68,97.2,186.48,124.56,0.0,0.0,287.28000000000003,93.42,124.56,0.0,0.0,0.0,77.15294117647058,72.75473684210526,75.50793103448277,77.58,0.0,0.0,38.42795454545455,17.099541984732824,46.016875,0.0,0.0,0.0,34.8,42.48,20.88,54.72,0.0,0.0,1.7399999999999998,0.81,2.2800000000000002,0.0,0.0,0.0,2623.2,1382.34,4379.46,1241.28,0.0,0.0,3381.66,2240.04,4417.62,103.56,0.0,287.28000000000003,0.0,184.68,0.0,0.0,0.0,93.42,0.0,0.0,0.0,0.0,124.56,0.0,0.0,0.0,0.0,124.56,0.0,0.0,186.48,124.56,0.0,123.84,0.0,0.0,97.2,0.0,0.0,154.07999999999998,85.56666666666666,0.0,95.6895652173913,0.0,77.15294117647058,0.0,0.0,0.0,17.099541984732824,0.0,0.0,0.0,0.0,18.166153846153847,0.0,0.0,0.0,0.0,36.14666666666667,0.0,0.0,75.24510638297872,77.58,0.0,69.664,0.0,0.0,72.75473684210526,0.0,0.0,76.63090909090909,41.4,0.0,55.08,0.0,34.8,0.0,0.0,0.0,0.81,0.0,0.0,0.0,0.0,1.7399999999999998,0.0,0.0,0.0,0.0,2.2800000000000002,0.0,0.0,20.88,54.72,0.0,43.5,0.0,0.0,42.48,0.0,0.0,38.88,770.1,0.0,2200.86,0.0,2623.2,0.0,0.0,0.0,2240.04,0.0,0.0,0.0,0.0,1180.8,0.0,0.0,0.0,0.0,2602.56,0.0,0.0,3536.52,1241.28,0.0,1044.96,0.0,0.0,1382.34,0.0,0.0,842.9399999999999,0.0,97.2,287.28000000000003,186.48,184.68,124.56,0.0,72.75473684210526,87.755,75.24510638297872,35.34628272251309,27.615766423357663,0.0,42.48,41.4,20.88,0.81,1.7399999999999998,0.0,1382.34,4212.24,3536.52,6751.14,3783.3599999999997
